Time,Activity,Pain,Gain,ActivityTime
12:00:00 AM,นอน,ง่วง,พักผ่อน,Insomnia
12:00:00 AM,ดูโคนันเดอะซีรี่ย์,ง่วง,คลายเครียด เบาสมอง,Insomnia
12:00:00 AM,นอน,,,Insomnia
12:00:00 AM,เข้านอน,ง่วงเพราะเหนื่อยมาทั้งวัน,หลับสบาย,Insomnia
12:00:00 AM,เคลียร์งานนิดหน่อย,ติดใจเรื่องงาน นอนไม่หลับ,ได้ทบทวนว่าทำงานอะไรไปบ้าง,Insomnia
12:00:00 AM,นอน,,,Insomnia
12:00:00 AM,เข้านอน,การบ้านยังทำไม่เสร็จ หนังสือยังอ่านไม่ถึงไหน,พักผ่อนเพื่อเตรียมความพร้อมในการปะทะกับพรุ่งนี้,Insomnia
12:00:00 AM,อ่านบทความ,,ได้ความรู้,Insomnia
12:00:00 AM,นอนหลับ,,พักผ่อน,Insomnia
12:00:00 AM,นอนหลับ,,พักผ่อน,Insomnia
12:00:00 AM,เล่นกับแมว,,มีความสุข,Insomnia
12:00:00 AM,นอน,,,Insomnia
12:00:00 AM,เข้านอน,,พักผ่อน,Insomnia
12:00:00 AM,สวดมนต์,ง่วงนอน,ฝึกตัวเองให้มีสมาธิที่ดี,Insomnia
12:00:00 AM,watching Korean series,,Relaxing,Insomnia
12:00:00 AM,นอน,,,Insomnia
12:00:00 AM,เข้านอน,,,Insomnia
12:10:00 AM,อาบน้ำเตรียมเข้านอน,ขี้เกียจ,สบายตัว,Insomnia
12:30:00 AM,เข้านอน,ง่วง,ได้พักผ่อน,Insomnia
12:30:00 AM,เข้านอน,ง่วง,พักผ่อน,Insomnia
12:30:00 AM,"เล่นมือถือ Facebook, Instagram",เวลานอนลดน้อยลง,ผ่อนคลาย เพลิดเพลิน,Insomnia
12:30:00 AM,เข้า youtube หาอะไรเรียนเพิ่ม,จำที่เรียนมาไม่ได้ ไปย้อนดูใหม่,ได้เรียนต่อจากที่ค้างไว้,Insomnia
12:30:00 AM,นอน,,,Insomnia
1:00:00 AM,นอน,,,Insomnia
1:00:00 AM,เข้านอน,"ยังไม่ค่อยอยากนอน, ยังอ่านหนังสือไม่ถึงไหนเลย","ได้พักผ่อน, พักร่างกายที่เหนื่อยมาทั้งวัน",Insomnia
1:00:00 AM,นอน,ง่วง,ได้พักผ่อน,Insomnia
1:00:00 AM,เข้านอน,ง่วงนอน,พักผ่อน,Insomnia
1:00:00 AM,นอน,,,Insomnia
1:00:00 AM,หลับไปไม่รู้ตัว,,,Insomnia
1:00:00 AM,นอนหลับ,ไม่ได้ทำกิจกรรมอื่น,ชาร์จพลังให้กับร่างกาย,Insomnia
1:00:00 AM,เล่นหุ้น,เริ่มเบลอและโลบมากขึ้นจนเล่นเสียหลายครั้ง,ได้ความสนุกและสะใจ,Insomnia
1:00:00 AM,เข้านอน,นอนไม่หลับ,ได้พักผ่อน พร้อมใช้ชีวิตวันรุ่งขึ้น,Insomnia
1:30:00 AM,นอน,หาท่านอนไม่เจอ,ผ่อนคลายทั้งร่างกายและจิตใจ,Insomnia
2:00:00 AM,นอน,,ได้พัก,Insomnia
3:00:00 AM,นอน,ต้องนอนแล้ว เดี๋ยวร่างกายไม่ไหว,ได้สลบจากโลกนี้เสียที,Insomnia
3:00:00 AM,watching Korean series,Very sleepy but can't stop watching series,,Insomnia
3:36:00 AM,เข้านอน,,,Insomnia
5:00:00 AM,"Checking on internet, social, and messaging apps on bed",Feeling guilty of spending too much time on Social content,Keep me posted about friends' conversations and news,Morning
5:00:00 AM,ตื่นมาดูสุนัข,พังข้าวของ,สบายใจ,Morning
5:00:00 AM,Wake-up,Feel not refreshing,More day time,Morning
5:30:00 AM,กดเลื่อนนาฬิกาปลุก,อากาศหนาว ไม่อยากลุกจากที่นอน,,Morning
5:30:00 AM,Wake up,I don't want to get up,,Morning
5:30:00 AM,Read online content,No updates from multiple web,Updated news and technology,Morning
5:35:00 AM,Take a shower,,Cleaned up my body,Morning
5:45:00 AM,Wake up to snooze the clock,still dark and feel not ready to get up,keep sleeping,Morning
5:54:00 AM,"Wake up to snooze the clock, second time","still dark and feel not ready to get up, second time",laying on my bed,Morning
6:00:00 AM,Take a bath,,,Morning
6:00:00 AM,Wake up autonomously,Super sleepy,,Morning
6:00:00 AM,ตื่นนอน,ง่วงนอน,มีเวลาอาบน้ำแต่งตัว,Morning
6:00:00 AM,Get up and close alarm,"Dizzy, unable to wake up easily","- Get more sleeping hour
- Feel fresher",Morning
6:00:00 AM,ตื่นนอน,รู้สึกเหนื่อยจากการเที่ยวเมื่อวันก่อน,รู้สึกดีที่จะได้ไปเล่น sup board ในวันนี้,Morning
6:00:00 AM,ตื่นนอน,งัวเงียๆ,ได้พักเต็มที่,Morning
6:00:00 AM,ตื่นนอน,ยังอยากนอนต่อ,มีเวลาเตรียมตัวเพื่อที่จะเข้างานตรงเวลา,Morning
6:00:00 AM,ฝึกสุนัข,โดนกัด โดนข่วน,สุนัขมีวินัยมากขึ้น,Morning
6:00:00 AM,Take a van to office,,Go to office by office van,Morning
6:00:00 AM,Review materials & tasks,,Done almost high pioritoes,Morning
6:00:00 AM,ตื่นนอน,ง่วงมากๆ,เริ่มต้นวันใหม่,Morning
6:03:00 AM,Get shower and get dress,,Fresh and Hygenity ,Morning
6:10:00 AM,อาบน้ำ,อากาศหนาว,สดชื่น,Morning
6:10:00 AM,อาบน้ำ,อากาศหนาวไม่อยากสระผม,ผมดูมีสุขภาพดีและสดชื่นก่อนไปทำงาน,Morning
6:15:00 AM,Play facebook,,update news and situation,Morning
6:15:00 AM,Taking a shower,- Dry skin when doing in cold season/winter,"- Relax and fresh
- Feel more confidence when go outside",Morning
6:15:00 AM,อาบน้ำ แปรงฟัน,,,Morning
6:15:00 AM,ให้อาหารสุนัข,เปลืองเงิน,สุนัขอิ่ม,Morning
6:15:00 AM,อาบน้ำ,ง่วงและหนาว,"ตื่นตัว, สดชื่น",Morning
6:20:00 AM,ทาครีม,ไม่อยากทาครีมเพราะต้องทาหลายตัว,ทำให้ผิวหน้ามีสุขภาพดี,Morning
6:30:00 AM,ตื่นมาเลื่อนนาฬิกาปลุก,ง่วงมาก,ได้พักผ่อน,Morning
6:30:00 AM,ตื่นมาปิดนาฬิกาปลุก รอบที่ 1,ล้า ไม่อยากลุก,ได้นอนต่อ,Morning
6:30:00 AM,ตื่นนอน,ไม่สดชื่นอยากนอนต่อ,ตื่นเช้ามีเวลาทำงานเพิ่มขึ้น,Morning
6:30:00 AM,ตื่นนอน,"ง่วง,ไม่อยากลุก,ขอนอนต่อนิดนึง",ตื่นเช้าทำให้เดินทางไปทำงานโดยไม่ต้องเร่งรีบมาก,Morning
6:30:00 AM,เดินทางออกจากบ้าน,ไม่อยากออกจากบ้านกลัวโควิค,ได้เงินเดือน,Morning
6:30:00 AM,แต่งตัว แต่งหน้า,,,Morning
6:30:00 AM,รดน้ำต้นไม้,เฉอะแฉะ,รู้สึกดี,Morning
6:30:00 AM,ตื่นเพื่อปิดนาฬิกาปลุก,ง่วงมากๆ,ได้พักผ่อน,Morning
6:30:00 AM,เดินทางไปทำงาน,"ขี้เกียจขับรถ, เบื่อ",ไม่ขาดงาน,Morning
6:30:00 AM,ตื่นนอน,ง่วง อยากนอนต่อ,ได้ออกกำลังกาย,Morning
6:30:00 AM,ตื่นนอน,อยากนอนต่อ,ไม่ต้องรีบร้อน,Morning
6:30:00 AM,ตื่นนอน,"ลุกไม่ขึ้น,ไม่อยากตื่น",ได้เห็นแสงแดดยามเช้า,Morning
6:30:00 AM,ปั่นจักรยาน,ปวดขา,ได้ออกกำลังกาย มีสุขภาพที่ดี,Morning
6:40:00 AM,ตื่นนอน,ง่วงงัวเงียง้วนง้วน,ได้เริ่มวันใหม่,Morning
6:40:00 AM,ตื่นนอน,ง่วงมากๆ,บังคับตัวเองได้,Morning
6:40:00 AM,ตื่นนอน,ง่วงอยากนอนต่อ,,Morning
6:40:00 AM,อาบน้ำ,หนาว ผิวแห้ง ,สดชื่นและสะอาด,Morning
6:40:00 AM,อาบน้ำ,-,สดชื่น,Morning
6:41:00 AM,เล่นโทรศัพท์ Check E-Mail/Line/Teams,เจอความเครียดจากงานแต่เช้า,มีเวลาเตรียมตัวทำงาน / Organize&Priorities งาน,Morning
6:45:00 AM,แปรงฟัน,ใช้เวลา บางทีรีบแปรงโดนเหงือก,ปากสะอาด สดชื้น,Morning
6:45:00 AM,ตื่นมาเลื่อนนาฬิกาปลุก,ง่วงมาก,ได้พักผ่อนต่อ,Morning
6:45:00 AM,ล้างหน้า,น้ำเย็นมาก,ร่างกายสดชื่น,Morning
6:45:00 AM,อาบน้ำ,ยืนทำใจต่อหน้าฝักบัวอย่างหนาวเหน็บ,ตาสว่าง เนื้อตัวหอมฉุย,Morning
6:45:00 AM,อาบน้ำ,,สดชื่นหายง่วง,Morning
6:45:00 AM,อาบน้ำ แต่งตัว,,"สะอาด,สดชื่น",Morning
6:45:00 AM,อาบน้ำ แต่งตัว,หนาว,"สะอาด,สดชื่น",Morning
6:45:00 AM,Wake up,Still sleeping,Fresh recovery,Morning
6:50:00 AM,อาบน้ำ,สบู่/ยาสระผมหมด แล้วขี้เกียจออกมาเอาใหม่,ร่างกายสะอาด,Morning
6:50:00 AM,ไปออกกำลังกาย + ฟัง Podcast,เหนื่อย,รู้สึกสุขภาพดี + พัฒนาสมอง,Morning
6:50:00 AM,ตื่นนอน เล่นมือถือ,ยังง่วงนอนมากแต่ต้องตื่นเพราะมีเรียน,มีเวลาเตรียมตัวเยอะมากขึ้น,Morning
7:00:00 AM,แต่งตัว/ทาครีมบำรุง,ครีมหลายชั้นใช้เวลา เครื่องแต่งกายใช้เวลา,ผิวดี ปากไม่แห้ง แต่งตัวดูภูมิฐาน,Morning
7:00:00 AM,ตื่นมาเลื่อนนาฬิกาปลุก,ง่วงมาก,ได้พักผ่อนต่อ,Morning
7:00:00 AM,ตื่นมาปิดนาฬิกาปลุก รอบที่ 2,หนวกหู ไม่อยากลุก,ได้นอนต่อ,Morning
7:00:00 AM,Having breakfast nearby Condo,Only a few choices of foods in the morning. Feeling a bit boring.,,Morning
7:00:00 AM,ตื่นนอน ,"ง่วง,หนาว,ที่นอนดูด","ตื่นเช้าได้ดูบรรยากาสยามเช้า,สดชื่น",Morning
7:00:00 AM,Listen to podcast,,update news and situation,Morning
7:00:00 AM,อาบน้ำ แต่งตัว,รู้สึกงัวเงียเมื่อตอนตื่น,สดชื่นพร้อมออกไปทำงาน,Morning
7:00:00 AM,นาฬิกาปลุก,รู้สึกง่วงนอน ไม่อยากลุก,,Morning
7:00:00 AM,ขึ้นรถตู้บริษัท,เดินทางไกลนาน,ได้นอนหลับบนรถ,Morning
7:00:00 AM,ตื่นนอน,ง่วง,,Morning
7:00:00 AM,ตื่นนอน,ง่วง,,Morning
7:00:00 AM,Driving to the office,"- Consume time during fraffic jam and probably get frustated easily if unable to arrive the office in time
- Transportation expenditure including fuel cost and vehivle maintenance cost is much higher than using public transport 
- No mass transit available; so we cannot predict the arrival time precisely","- Able to watch netflix while driving
- Have time to chat with friends",Morning
7:00:00 AM,ให้อาหารแมว,,มีความสุข,Morning
7:00:00 AM,ขับรถไปทำงาน,รถติด อารมณ์ไม่ดี,ฟังเพลงฟังpodcastในรถได้,Morning
7:00:00 AM,ลงไปกินข้าวที่ร้านอาหารโรงแรม,เมนูอาหารที่เลือกมีให้น้อย,,Morning
7:00:00 AM,อาบน้ำ,น้ำเย็น,รู้สึกสดชื่น,Morning
7:00:00 AM,แต่งตัวแต่งหน้า,ต้องรีบ เพื่อไม่ให้ไปสาย,มั่นใจขึ้น,Morning
7:00:00 AM,Arrive at office,"On Monday, the traffic is very jam",,Morning
7:00:00 AM,ปิดนาฬิกาปลุกอีกครั้ง ตื่นจริงๆ,ง่วง,ได้พักผ่อนต่ออีกหน่อย,Morning
7:00:00 AM,Outdoor exercise & shower,High PM2.5 and PM10,,Morning
7:00:00 AM,ตื่นนอน,ง่วงมาก ลืมตาแทบไม่ขึ้น,ตื่นไปทำงานทัน,Morning
7:00:00 AM,นาฬิกาปลุก ครั้งแรก,สลึมสลือ ง่วงนอนอยู่,กด check-in COVID-19 (Health Check ของบริษัท),Morning
7:00:00 AM,อาบน้ำ แต่งตัว,ต้องสระผมเป่าผม แต่งหน้า เลือกชุดใช้เวลานาน,ร่างกายตื่นตัว สะอาด,Morning
7:00:00 AM,ถึงที่ทำงาน,"ขี้เกียทำงาน, เหนื่อย",มาทันเวลาเข้างาน,Morning
7:00:00 AM,ทาครีม,ขี้เกียจทา,บำรุงผิว,Morning
7:00:00 AM,Laundry,Do not want to categorize white and color clothes,Hygenity,Morning
7:00:00 AM,Jogging or execise,Tired,Burn calories,Morning
7:00:00 AM,ทานอาหารเช้า,,อาหารเช้าเป็นสิ่งที่ดีต่อสุขภาพ,Morning
7:01:00 AM,เลื่อนนาฬิกาปลุกไป 8 โมงเช้า,,ได้นอนต่อ,Morning
7:05:00 AM,เล่นมือถือ ดู social อ่านบทความ online,แสงจากจอมือถือเข้าตาแล้วแสบตา,เพลิดเพลิน และ ได้รู้ข่าวสารต่างๆ,Morning
7:05:00 AM,แต่งตัว,ลืมรัดผ้า เสียเวลาหาชุดเพราะไม่ได้เตรียมไว้,แต่งตัวเท่ๆ ไปทำงาน,Morning
7:05:00 AM,ทำอาหารเช้า,ไม่มีอะไรพร้อมกิน,มีอาหารกิน ประหยัดไม่ต้องไปซื้อ,Morning
7:10:00 AM,ขับรถออกจากบ้าน,รถติด,ฟัง Podcast/เพลง + มีเวลาคิดงาน,Morning
7:12:00 AM,นอน,อยากดูซีรีย์ต่อ แต่ต้องนอน,นอนเยอะๆ แก่ช้า ไม่ต้องเสียตังไปฉีดโบ,Morning
7:15:00 AM,ตื่นมาเลื่อนนาฬิกาปลุก,ง่วงมาก,ได้พักผ่อนต่อ,Morning
7:15:00 AM,Take a shower,,clean and fresh up,Morning
7:15:00 AM,Eat breakfast,Feeling bored with the same menu,,Morning
7:15:00 AM,กินนม-ขนมปัง,หิว,อิ่มท้อง,Morning
7:15:00 AM,สวดมนต์,,"สงบ,ได้สมาธิ, อารมณ์เย็น",Morning
7:15:00 AM,ดื่มกาแฟ nespresso,ขี้เกียจล้างแก้ว,อร่อย+สดชื่น,Morning
7:15:00 AM,รดน้ำต้นไม้,,"สงบ,ได้สมาธิ",Morning
7:20:00 AM,ออกเดินทาง(มอเตอร์ไซ),อาจจะเกิดอันตรายได้ ,ควบคุมเวลาได้สะดวก ทำให้สามารถไปทันเวลาได้ง่ายกว่าการเดินทางด้วยวิธีอื่น,Morning
7:20:00 AM,ออกไปทำงาน,เจอรถติด,,Morning
7:20:00 AM,ตื่นนอน,งัวเงีย,สดชื่น/ ได้นอนเต็มที่,Morning
7:20:00 AM,ตื่นนอน,ง่วงไม่อยากตื่น,,Morning
7:20:00 AM,ขับรถไปทำงาน,เบื่อรถติด,ถึงที่ทำงานทันเวลา,Morning
7:20:00 AM,ลดน้ำต้นไม้ ดูแลสวนในบ้าน,ใบไม้ร่วง มีแมลง,ความร่มรื่น ความผ่อนคลาย,Morning
7:25:00 AM,แปรงฟัน/ อาบน้ำ,ไม่สดชื่น ,สะอาด สดชื่น ,Morning
7:25:00 AM,อาบน้ำ,ไม่อยากอาบน้ำ,สดชื่น สะอาด,Morning
7:30:00 AM,ถึงที่ทำงาน เริ่มประชุมตอนเช้า (ด้วย MS Team),บางครั้งมีเสียงไมค์ตีกัน,รู้เรื่องสำคัญ ในวัน ได้ตัดสินใจแนวทางทำงานในวันของทีม,Morning
7:30:00 AM,ตื่นและลุกไปอาบน้ำ แต่งตัว,นอนไม่พอเพราะตื่นมาเลื่อนนาฬิกาปลุกทุก 15 นาที,สดชื่นหายง่วง,Morning
7:30:00 AM,ตื่นนอน,รู้สึกขี้เกียจ ไม่อยากลุก,ได้ไปทำกิจกรรมต่างๆ,Morning
7:30:00 AM,ตื่นนอน,ง่วงนอน,ไดพักผ่อนเต็มที่,Morning
7:30:00 AM,Grab some coffee nearby,Excessive calories,Fulfill the need of coffee. Feeling stimulated,Morning
7:30:00 AM,อาบน้ำ,น้ำเย็น(อีกแล้ว),สดชื่นพร้อมรับวันใหม่,Morning
7:30:00 AM,อาบน้ำ,หนาว,ตาสว่าง,Morning
7:30:00 AM,ตื่นนอน,ง่วง,ยังไม่ตาย,Morning
7:30:00 AM,สั่งอาหารเช้าผ่าน GrabFood,ไม่รู้จะกินอะไร จำเจ,สะดวก ไม่ต้องเดินทางออกจากบ้าน และไม่ต้องทำกินเอง,Morning
7:30:00 AM,ขับรถไปทำงาน,ขับรถเร็วเพราะออกบ้านสาย,แอบดีใจไปทำงานทัน,Morning
7:30:00 AM,ขับรถไปทำงาน,ขับรถเร็วเพราะออกบ้านสาย,แอบดีใจไปทำงานทัน,Morning
7:30:00 AM,นอน,,,Morning
7:30:00 AM,แต่งตัวไปทำงาน,เสื้อยับเล็กน้อย,สุภาพ พร้อมทำงาน,Morning
7:30:00 AM,Morning talk with friend,,Update news,Morning
7:30:00 AM,อาบน้ำ,ไม่สดชื่น,สดชื่น,Morning
7:30:00 AM,อาบน้ำ แต่งตัวไปทำงาน,ไม่อยากอาบน้ำ น้ำเย็นมาก,ตัวสะอาดไปทำงาน,Morning
7:30:00 AM,นาฬิกาปลุก ครั้งที่สอง,รู้สึกขี้เกียจ ไม่อยากลุก,ตื่นเพื่อมีเวลาเตรียมตัวก่อนทำงาน,Morning
7:30:00 AM,เปิด email เตรียมการประชุม,"เบื่อ, ซ้ำซาก",ทราบความคืบหน้าของงาน,Morning
7:30:00 AM,ออกจากบ้าน ขับรถไปที่ทำงาน,ขี้เกียจขับรถ รถติดช่วงเวลาเร่งด่วน,ถึงทีทำงานเร็ว มีเวลากินข้าว ซื้อกาแฟ จิบชา,Morning
7:30:00 AM,ดื่ม Whey Protein + วิตามิน,ขี้เกียจล้างแก้ว + หลายเม็ด,บำรุงร่างกาย,Morning
7:30:00 AM,กินข้าวเช้า,เร่งรีบ,"มีแรง,อร่อย",Morning
7:30:00 AM,ตื่นนอน,ไม่อยากตื่น อยากนอนต่อ,ได้เริ่มต้นวันใหม่,Morning
7:30:00 AM,ตื่นนอน,ไม่อยากลุก,,Morning
7:35:00 AM,เล่มเกมส์,ใช้เวลาในการเล่น เปลืองเวลา ลืมเวลา,คลายความงัวเงีย,Morning
7:35:00 AM,อาบน้ำ,หนาว ไม่อยากอาบ,สดชื่น+สะอาด,Morning
7:40:00 AM,Have breakfast,"usually be cornflakes, really bored",gain energy,Morning
7:40:00 AM,อาบน้ำ,หนาว,ทำความสะอาดร่างกาย,Morning
7:40:00 AM,อาบน้ำ,หนาว,สดชื่น และตื่นเต็มที่,Morning
7:40:00 AM,เดินทางไปทำงาน,รถติด,-,Morning
7:45:00 AM,ขึ้นบีทีเอสเพื่อเดินทางไปทำงาน,ที่ทำงานไกลจากที่พัก และรถติด,ไปทำงานไวขึ้นเพราะไม่ต้องเจอรถติด,Morning
7:45:00 AM,ถึงที่ทำงาน,,,Morning
7:45:00 AM,แต่งหน้าแต่งตัว,ไม่สวย,ดูดีขึ้น เสริมสร้างบุคคลิกที่ดี,Morning
7:45:00 AM,ประชุมกับแผนกซ่อมบำรุง,คุยเรื่องเดิมๆ,ทราบการเสียของเครื่องจักรของเมื่อวาน,Morning
7:45:00 AM,เดินทางไปทำงาน,ขี้เกียจขับรถ,ได้ตั้งสติก่อนสตาร์ท,Morning
7:45:00 AM,อาบน้ำแต่งตัว,,,Morning
7:50:00 AM,อาบน้ำ,หนาว,สดชื่น และตื่นเต็มที่,Morning
7:50:00 AM,กินข้าวเช้า,,อิ่มพร้อมทำงาน,Morning
7:50:00 AM,กินข้าวเช้า,ยังไม่หิวแต่ต้องกิน,มีพลังงานในการเริ่มวันใหม่,Morning
7:55:00 AM,ถึงที่ทำงาน,เห็นตึกก็บั่นทอนหัวใจ,ถ้าถึงที่ทำงานแสดงว่าขับขี่ปลอดภัย รอดไปอีก 1 วัน,Morning
8:00:00 AM,ขับรถไปทำงาน,รถติด,ฟังเพลงเพลินๆ,Morning
8:00:00 AM,"ตื่นนอนจากนาฬิกาปลุก, เช็คโทรศัพท์มีข้อความอะไรบ้าง อัปเดตข่าวสารจาก twitter","รู้สึกไม่อยากลุกจากที่นอน, หมดเวลาไปกับการดูข้อความใน Social","ตื่นทันที, รับรู้ข่าวสารที่เกิดขึ้น ไม่ตกข่าว",Morning
8:00:00 AM,เริ่มทำงาน,เบื่อที่เห็นงานค้าง,ได้จักการงานที่ค้างของเมื่อวานให้เสร็จ,Morning
8:00:00 AM,อาบน้ำ,น้ำเย็น,สดชื่น ตื่นตัว,Morning
8:00:00 AM,Move to Condo's library to work there (WFH),Need to carry around laptops and devices and setup everyday,Not working in my room gives more productivity,Morning
8:00:00 AM,ทานอาหารเช้า,ไม่รู้จะกินอะไรดี,อิ่มท้อง พร้อมทำงาน,Morning
8:00:00 AM,พาแม่ไปทำบุญที่วัด,"ง่วง,หนาว,แอบขี้เกี้ยจ",ได้บุญ สบายใจ,Morning
8:00:00 AM,Brew coffee,,make fresh and awake,Morning
8:00:00 AM,ขับรถไปทำงาน,เสียเวลาขับรถ,ได้ไปทำงาน,Morning
8:00:00 AM,อาบน้ำ,หนาว น้ำไม่ค่อยอุ่น,สดชื่น,Morning
8:00:00 AM,ตื่นรอบที่ 1,ง่วงนอน,ไม่ได้อะไร,Morning
8:00:00 AM,Wake up,Feeling lazy to go to work,,Morning
8:00:00 AM,นาฬิกาปลุก,รู้สึกง่วงนอน ไม่อยากลุก,,Morning
8:00:00 AM,ถึงโต๊ะทำงาน,พบเจอหัวหน้า,พบเจอพี่ๆที่น่ารักในทีมและแผนก,Morning
8:00:00 AM,ถึงบริษัท,,,Morning
8:00:00 AM,เริ่มทำงาน เช็คอีเมลล์,คอมพิวเตอร์ช้า,,Morning
8:00:00 AM,เริ่มทำงาน เช็คอีเมลล์,คอมพิวเตอร์ช้า,,Morning
8:00:00 AM,เริ่มทำงาน,บางอย่างก็ไม่ได้ดั่งใจ,ได้ทำสิ่งใหม่ๆ,Morning
8:00:00 AM,"จัดของเตรียมไปเล่น sup board, พักผ่อน ","ไม่สามารถพกอะไรติดตัวไปเล่น sub board ได้,
ไม่สามารถถ่ายรูปเองได้",ไม่ต้องกังวลเรื่องสัมภาระ,Morning
8:00:00 AM,ขึ้น BTS ไปทำงาน,คนแน่น,กะเวลาได้,Morning
8:00:00 AM,กินข้าวเช้า,กินแต่อาหารเดิมๆเพราะไม่มีเวลาเตรียม,อิ่ม,Morning
8:00:00 AM,Start Working,Have some report urgently to finish by today,,Morning
8:00:00 AM,Breakfast,Same as yesterday,,Morning
8:00:00 AM,Wake up,I don't want to get up,,Morning
8:00:00 AM,ทำงาน แบบ Work from home,การไม่ได้แต่งตัวออกจากบ้าน  ทำให้ไม่ได้ใส่ชุดทำงานใหม่ๆ,ไม่ต้องเสียเวลาเลือกเสื้อผ้า แต่งตัว ทำงานได้เลย พร้อมกับจิบกาแฟและอาหารเช้าเบาๆไปพร้อมกัน,Morning
8:00:00 AM,เดินทางไป 101 Digital True Park (BTS),ไกล ใช้เวลา,ได้เล่นมือถือขณะเดินทาง,Morning
8:00:00 AM,wake up,"Don't want to wake up, feeling drowsy, not enough sleep",,Morning
8:00:00 AM,เตรียมเรื่องประชุมกับแผนก maintenance support,เตรียมข้อมูลรูปแบบเดิมๆ,มีข้อมูลไว้ประชุม,Morning
8:00:00 AM,ตื่นนอน,ง่วงนอนยังไม่อยากตื่น,,Morning
8:00:00 AM,กินข้าวเช้า,,"อิ่ม,อร่อย,อารมณ์ดี",Morning
8:00:00 AM,Morning talk online with team,น่าเบื่อ,,Morning
8:00:00 AM,Take a shower,Do it quick,Get clean,Morning
8:00:00 AM,สแกนนิ้ว,นิ้วเปื้อน,เข้างานทัน,Morning
8:00:00 AM,ออกไปทำงาน,,ใช้รถยนต์ส่วนตัว ไม่ต้องไปเบียดแย่งใช้รถไฟฟ้า,Morning
8:02:00 AM,เลื่อนนาฬิกาปลุกไป 8 โมงครึ่ง,,ได้นอนต่อ,Morning
8:05:00 AM,"Checking on social network apps(FB, IG) in bathroom",Feeling guilty for spending too much time on social media content,Get to know news and friends activities,Morning
8:05:00 AM,เข้าห้องน้ำแต่งหน้า,ไม่อยากแต่งหน้า เพราะหลายขั้นตอน,หน้าตาสดใส บุคลิกดี,Morning
8:05:00 AM,Play smart phone,,I see other people post and their happiness,Morning
8:05:00 AM,นอนเล่นมือถือ,เสียเวลา จะสายแล้ว,เช็คงานเช็คไลน์,Morning
8:10:00 AM,แต่งตัว,ใช้เวลาในการเลือกเสื้อผ้า แต่งหน้า แต่งตัว ไม่รู้จะใส่อะไร,สวย เข้ากล้องแล้วหน้าไม่ซีด,Morning
8:10:00 AM,สแกนนิ้วเข้าทำงาน,อาจมาสายได้,ได้ลงเวลาทำงาน,Morning
8:10:00 AM,กินข้าวเช้า,ไม่อยากกินเพราะเมนูน่าเบื่อ, ใช้สมองทำงานได้เต็มที่ไม่หิวระหว่างวัน,Morning
8:10:00 AM,เดินทางไปทำงาน,,ถึงที่ทำงาน ,Morning
8:10:00 AM,จิบกาแฟและอาหารเช้าเบาๆไปพร้อมกัน,กินไปพร้อมกับทำงานไปด้วย  ไม่ค่อยสะดวกนัก,ประหยัดเวลา  ทำให้ไม่ต้องตื่นเช้าเผื่อเวลากินก่อนเข้างาน,Morning
8:10:00 AM,เข้าออฟฟิต,-,-,Morning
8:10:00 AM,เดินรอบคลัง,เมื่อยขา ง่วงนอน เบลอ ๆ ,เดินรู้ความเคลื่อนไหวในคลัง,Morning
8:15:00 AM,Prepare working,,Review tasks before meeting session,Morning
8:15:00 AM,กินข้าวเช้า,คิดไม่ออกกินไรดี ของก็แพง แถมไม่อร่อย ที่สำคัญไม่อิ่ม,เติมพลังงานที่ต้องใช้ในชีวิตประจำวัน,Morning
8:15:00 AM,กินกาแฟ,ยังไม่มีสติครบถ้วน,กระปรี้กระเปร่า,Morning
8:15:00 AM,กินอาหารเช้า,หิว,เพิ่มพลังงานในการออกไปใช้ชีวิต,Morning
8:15:00 AM,เดินไปทำงาน,ไม่อยากเดินตอนเช้าๆ เร่งรีบ,ไม่เสียเงินค่าเดินทาง เพราะที่พักอยู่ใกล้ที่ทำงาน,Morning
8:20:00 AM,ขับรถไปทำงาน,"รถติด, กังวลเรื่องงาน",,Morning
8:20:00 AM,Play ROV,,I gain my happiness to play game,Morning
8:20:00 AM,ตรวจสอบ email,เมล์ไม่สำคัญเยอะ,รู้ว่ามีงานอะไรสำคัญ,Morning
8:25:00 AM,เข้าออฟฟิต,,,Morning
8:25:00 AM,เข้าออฟฟิต,,ถึงที่ทำงานทันเวลา,Morning
8:30:00 AM,ถึงที่ทำงาน เริ่มประชุมตอนเช้า (ด้วย MS Team),Session ที่ไม่ใช่ของตัวเองมีเยอะ,รู้เรื่องสำคัญ ในวัน ได้ประสานงานแนวทางทำงานในวันของทีม ระหว่างหน่วยงาน,Morning
8:30:00 AM,อาบน้ำ แต่งตัว เตรียมตัวทำงาน,ไม่สดชื่น ไม่พร้อมเริ่มวันใหม่,กระปี้กระเปร่า ตาสว่าง,Morning
8:30:00 AM,กินอกไก่ไข่ต้ม คลีน (พ่อทำไว้ให้),จืด ไม่อร่อย เบื่อ,ได้สุขภาพ น้ำหนักไม่ขึ้น,Morning
8:30:00 AM,ตื่นนอน,ไม่อยากตื่น อยากนอนต่อ,ได้เริ่มต้นวันใหม่,Morning
8:30:00 AM,แต่งตัว,เสื้อยับ,ภาพลักษณ์ดี,Morning
8:30:00 AM,Doing BADS homework/project,,"Gaining knowledge, practicing",Morning
8:30:00 AM,ล้างจาน,มือเปื่อย,จานสะอาด,Morning
8:30:00 AM,กินกาแฟ all cafe+ ครัวซอง,"ง่วง,หิว","ตาสว่าง,อิ่มท้อง",Morning
8:30:00 AM,เริ่มทำงาน,,,Morning
8:30:00 AM,ซื้อข้าวเหนียวไก่ปิ้งหน้าตึกที่ทำงาน,ช่วงเช้าเป็นช่วงเร่งรีบ กินข้าวไม่ทัน,ขึ้นไปแสกนนิ้วทัน,Morning
8:30:00 AM,ตื่นรอบที่ 2,ต้องตื่น เพราะต้องเรียน,ตื่นแล้ว ได้สติกลับมา,Morning
8:30:00 AM,ตื่นนอน,,สดชื่น,Morning
8:30:00 AM,เริ่มทำงาน,จิตใจห่อเหี่ยว,ได้เคลียร์งานตามหน้าที่และความรับผิดชอบ,Morning
8:30:00 AM,เช็ดทำความสะอาดโต๊ะ,ขี้เกียจทำ,โต๊ะทำงานสะอาด น่าทำงาน ,Morning
8:30:00 AM,ตื่นนอน,ง่วงนอน,,Morning
8:30:00 AM,Start working,- Stress and sometimes unable to have a breakfast,- สมองแล่น,Morning
8:30:00 AM,ตื่นนอน,นอนยังไม่พอ อยากนอนต่อ,รู้สึกได้พักผ่อน,Morning
8:30:00 AM,รถมารับไปที่เล่น sup board,,,Morning
8:30:00 AM,เปลี่ยนสาย BTS ,คนแน่น,กะเวลาได้,Morning
8:30:00 AM,เช็คอีเมล,กังวล งานเยอะ,วางแผนงานได้,Morning
8:30:00 AM,Garden,Idle stand in each area,,Morning
8:30:00 AM,ซื้อกาแฟไปดื่มที่ทำงาน,ง่วง ไม่มีอารมณ์ทำงาน,กระตุ้นให้หายง่วง มีแรงทำงาน,Morning
8:30:00 AM,Shower,,Relax and clean,Morning
8:30:00 AM,ประชุมกับแผนก maintenance support,ง่วง,ได้อัพเดตข่าวสารของโรงงาน,Morning
8:30:00 AM,อาบน้ำ,สายแล้วต้องรีบอาบน้ำ,สะอาดสดชื่น ตื่นเต็มที่,Morning
8:30:00 AM,เริ่มทำงานประจำ,ถ้ามีประชุมตอนเช้า จะกินข้าวไม่ทัน,ถ้าไม่มีประชุมตอนเช้า จะมีเวลาติดตามงานที่ค้างและวางแผนงานประจำวันนี้และวันถัดๆไป,Morning
8:30:00 AM,Dry clothes,Get sweating,To finish task,Morning
8:30:00 AM,ชงกาแฟ,,"ได้กลิ่นหอม, รู้สึกตื่นตัว",Morning
8:30:00 AM,Drive a car to workplace,Bad traffic,Comfortable personal car,Morning
8:30:00 AM,ดูแผนตู้เข้า,แผนมาช้ากว่าตู้,ได้ออกกำลังกายเดินไปตามงาน,Morning
8:30:00 AM,Update ข่าว บน Social ผ่าน Facebook,มือถือแบตหมด,ทันข่าวสาร,Morning
8:35:00 AM,อาบน้ำ,ยังอยากนอนต่อ,สดชื่น+สะอาด,Morning
8:35:00 AM,ทำความสะอาดบ้าน,เหนื่อย เมื่อย,สะอาดขึ้น,Morning
8:35:00 AM,Take a bath and preparing to go to work,,,Morning
8:35:00 AM,อาบน้ำ,,สดชื่นต้อนรับวันใหม่,Morning
8:35:00 AM,เริ่มทำงาน อ่าน e-mail,ขี้เกียจอ่านเมล์ เพราะเมล์เยอะ,ได้รู้ความคืบหน้าของงาน,Morning
8:35:00 AM,ล้างจาน,จานเลอะเทอะ,บ้านสะอาด,Morning
8:35:00 AM,Check Email,,ติดตามปัญหา,Morning
8:40:00 AM,นั่งกินข้าวตรงโซน kitchen,กินตรงโต๊ะทำงานจะทำให้ส่งกลิ่น,ไม่รบกวนคนอื่นได้กินอย่างสบายใจ,Morning
8:40:00 AM,ไปซื้อของกินที่ 7-11,หิว,มีพลังงานก่อนเริ่มเรียน,Morning
8:40:00 AM,อาบน้ำ,น้ำเย็น,สะอาด,Morning
8:40:00 AM,ทานข้าวเช้า,หิว,อิ่ม,Morning
8:45:00 AM,เก็บของที่โต๊ะทำงาน แล้วออกไปกินข้าวเช้า,,อิ่ม พร้อมเริ่มงาน,Morning
8:45:00 AM,เล่น Facebook,,อับเดทข่าวสาร,Morning
8:45:00 AM,ประชุมงานกับลูกน้องในทีม,ต้องเตรียมข้อมูลงานให้พร้อม ,สั่งงานให้ลูกน้องทำ แบ่งเบางานได้,Morning
8:45:00 AM,Coffee,Travel to have good coffee,,Morning
8:45:00 AM,ประชุมกับแผนก production,ยืนประชุม เมื่อยขา,ได้อัพเดตข้อมูลฝั่งการผลิต,Morning
8:45:00 AM,เตรียมตัวประชุมตอนเช้า,-,เตรียมเรื่องคุยกับลูกน้อง,Morning
8:50:00 AM,เตรียมพร้อมเริ่มเรียนวิชาแรก,ยังไม่ได้ทานข้าวเช้า หิว,ได้ที่นั่งพร้อมปลั๊กไฟ,Morning
8:50:00 AM,ขับรถไปทำงาน,เจอรถติดกับรถขับไม่มีมารยาท,ถึงที่บ้านไวเพราะไม่ต้องรอรถสาธารณะ ไม่เสียเวลา,Morning
8:50:00 AM,Have a tuna sandwich,,Get full stomuch,Morning
8:55:00 AM,รดน้ำต้นไม้,ต้นไม้จะเฉา,ต้นไม้เติบโต,Morning
9:00:00 AM,ไปซื้อข้าวเช้า และกินข้าวเช้า,ขี้เกียจไปซื้อ บางครั้งเจอนาย,อิ่มท้อง,Morning
9:00:00 AM,เริ่มทำงาน WFH,เบื่อ ,ไม่ต้องเดินทาง,Morning
9:00:00 AM,เปิด MS Team เช็คอินการทำงาน,ขี้เกียจ,ได้เงินเดือน,Morning
9:00:00 AM,กินอาหาเช้า,ต้องสั่ง Delivery,อิ่มท้อง,Morning
9:00:00 AM,เดินทางไปทำงาน,รถติดระหว่างเดินทาง,ถึงที่ทำงานก่อนเวลางาน,Morning
9:00:00 AM,Start working,,อับเดทงานรายวัน,Morning
9:00:00 AM,Start working,do the same things,Review things to do and had done,Morning
9:00:00 AM,ประชุมงาน online,,ไม่ต้องเสียเวลาเดินทาง,Morning
9:00:00 AM,Morning Talk,ลืม process ของงานและไม่ได้ update งานใหม่,ได้ปรึกษาจุดที่ติดขัดและได้สรุป workflow ทั้งหมดภายในทีม,Morning
9:00:00 AM,พักผ่อนนั่งดูทีวี คุยกับครอบครัว,พ่อแม่ถามเรื่องเกรด เรื่องเรียน,สนิทสนมใกล้ชิดกัน,Morning
9:00:00 AM,เริ่มเรียนออนไลน์,ยังง่วงนอนอยู่,ได้ความรู้ใหม่ ๆ,Morning
9:00:00 AM,Going out to work by walk,,To have office nearby is better by don't have to spend too much time on the road,Morning
9:00:00 AM,เรียนหนังสือ (online),,,Morning
9:00:00 AM,ประชุมงานกับหัวหน้าฝ่าย production,ง่วงนอน ,"ได้รู้ข้อมูลงานการผลิต
ได้อัพเดทงานที่ทำ
หาทางแก้ปัญหาที่เกิดขึ้น",Morning
9:00:00 AM,แต่งตัว,ขี้เกียจเลือกเสื้อผ้า,,Morning
9:00:00 AM,สั่งกาแฟผ่าน Food panda,ไม่มีเบเกอร์รี่จำหน่าย ผิดหวัง,ได้ส่วนลด และ 1 แถม 1,Morning
9:00:00 AM,สั่งกาแฟผ่าน Food panda,ไม่มีเบเกอร์รี่จำหน่าย ผิดหวัง,ได้ส่วนลด และ 1 แถม 1,Morning
9:00:00 AM,อาบน้ำ,หนาว,รู้สึกสะอาด สดชื่น,Morning
9:00:00 AM,เรียนการเล่น sup board เบื้องต้น,"ต้องรออีก 5 คนที่มา join group, 
กังวลว่าปฏิบัติจริงจะทำไม่ได้, กลัวตกน้ำ",ได้ความรู้ใหม่,Morning
9:00:00 AM,ถึง BTS สถานีปลายทาง,คนแน่น,กะเวลาได้,Morning
9:00:00 AM,ทำงาน,ขี้เกียจทำงาน,มีความสุขที่งานเสร็จ,Morning
9:00:00 AM,ทำงาน ,งานเยอะ ,งานเสร็จ ,Morning
9:00:00 AM,ถึงที่ทำงาน,ไม่อยากทำงาน,,Morning
9:00:00 AM,ทำงาน,เหนื่อย เบื่อ,งานเสร็จ,Morning
9:00:00 AM,ออกจากบ้าน,หัวหน้าให้ออกแม้WFH,แวะซื้อของระหว่างเดินทาง,Morning
9:00:00 AM,Team meeting,Always over time,,Morning
9:00:00 AM,Take a shower,,Cleaned,Morning
9:00:00 AM,ใช้ MS Team และ Line เป็นหลักในการทำงาน,"ปัญหาสัญญาณ Internet ไม่แรงพอ  การ call, meeting สะดุด
สิ่งแวดล้อมมีเสียงรบกวน  ขาดสมาธิในการทำงาน",การประชุมสามารถรองรับคนจำนวนได้มากขึ้นกว่าเดิม  จากเดิมที่ต้องหาห้องประชุมให้พอกับจำนวนคน,Morning
9:00:00 AM,เรียนวิชาแรก,แอร์ที่ร้านหนาวมาก,ได้ความรู้ ความคิดเห็นจากอาจารย์และเพื่อนร่วมห้อง ไม่เหงา สนุก,Morning
9:00:00 AM,Conference meeting,Very sleepy,,Morning
9:00:00 AM,เตรียมข้อมูลประชุมจากฝั่ง production ไปยังแผนกซ่อมบำรุง,จดข้อมูลเยอะ,มีข้อมูลไว้ประชุม,Morning
9:00:00 AM,ตื่นนอน,ไม่มีแสงแดดไม่สดชื่อน,ทันประชุมเช้าพอดี,Morning
9:00:00 AM,ตื่นนอน,ง่วงนอน ไม่สดชื่น,ได้ใช้ชีวิต,Morning
9:00:00 AM,Morning meeting,-,ได้รู้ข้อมูลสำคัญ,Morning
9:00:00 AM,Take online class,Headache,Get knowledge,Morning
9:00:00 AM,ทำงานประจำ monitor daily report,,ติดตามปัญหา,Morning
9:00:00 AM,ทำ Label ติดงาน,เดินไปถ่ายเอกสารไกล,ได้ทำป้ายชี้บ่งให้กับงานรู้ง่าย,Morning
9:00:00 AM,ถึงที่ทำงาน,ถ้ารถติดก็ถึงช้ากว่าปกติ,ถ้ารถไม่ติด มีเวลาซื้อของกินก่อนทำงาน,Morning
9:00:00 AM,อาบน้ำ ฟังเพลง,โทรศัพท์เข้าไปในห้องน้ำ เสี่ยงต่อความชื้น,สดชื่น สะอาด,Morning
9:05:00 AM,เปิดอีเมล์ ตอบเมล์ Support ลูกค้า,ขี้เกียจคุย โดนลูกค้าโวยวายใส่,ได้เงินเดือน,Morning
9:05:00 AM,Arrived office,,,Morning
9:05:00 AM,เปิดอีเมล์ ตอบอีเมล์,เบื่อกับอีเมล์ที่ไม่เกี่ยวข้อง,ไม่มี Inbox ค้าง,Morning
9:05:00 AM,ประชุมเช้า,สมองยังไม่ตื่น เบลอๆ,ลดงานที่น้องในทีมต้องถามเราลงได้จากการวาง priority,Morning
9:10:00 AM,เริ่มทำงาน เช็ค Email,Email ค้างเยอะ,,Morning
9:10:00 AM,"Work on SQL queries, Power BI",New issues come everyday,Learn something new to gain more knowledge,Morning
9:10:00 AM,ขึ้นรถไฟฟ้าไปทำงาน,บ้านไกลจากที่ทำงาน,ได้แวะระหว่างทางบ้าง,Morning
9:10:00 AM,ถึงที่ทำงาน เริ่มทำงาน,ถึงที่ทำงานสาย,ได้เจอได้คุยกับเพื่อนที่ทำงาน,Morning
9:15:00 AM,ถึงที่ทำงาน,คนรอเข้าตึกเยอะ,สาวๆให้ส่องเยอะ,Morning
9:15:00 AM,กินข้าวเช้า,ยังไม่หิว,ไม่ปวดท้อง,Morning
9:15:00 AM,ขึ้นรถเมล์ไปออฟฟิต,บางทีรอรถนาน,สะดวกและค่าโดยสารถูก,Morning
9:15:00 AM,อาบน้ำ,เข้าห้องน้ำนานจนลืมเวลา,รู้สึกสดชื่นพร้อมเริ่มต้นใช้เวลากับวันใหม่,Morning
9:15:00 AM,Breakfast,Less choices of restaurant,Not hungry,Morning
9:20:00 AM,Eat breakfast,I bored because of eating scramble egg and bread again,,Morning
9:30:00 AM,agile meeting กับ top 3 project,ประชุมบ่อยเกินไป (ทุกวัน) ไม่ค่อยมีไรอัพเดท,ได้รู้สเตตัสของโปรเจคในภาพรวม,Morning
9:30:00 AM,กินข้าวเช้า,หิว,อิ่ม,Morning
9:30:00 AM,Attend daily meeting remotely,,"Setting my own daily plan, keep the team posted on progress and issues",Morning
9:30:00 AM,ทำ Workshop ให้ลูกค้า,พูดเยอะ คิดเยอะ,ได้ความรู้ใหม่ๆ,Morning
9:30:00 AM,เริ่มทำงาน (work from home),แค่คิดก็เหนื่อย,ได้เคลียร์งาน,Morning
9:30:00 AM,เริ่มทำงาน,งานค้างยังไม่เสร็จ,งานเสร็จตาม requirement,Morning
9:30:00 AM,ล้างจาน,ขี้เกียจ,จานสะอาด,Morning
9:30:00 AM,เล่น sup board ,"แดดร้อนมาก, ลืมทากันแดด","พาย sup board สนุกมาก, ได้ลองอะไรใหม่ๆ, ทิวทัศน์สวยมาก",Morning
9:30:00 AM,เดินทางถึงออฟฟิต,แสกนนิ้วยาก บางทีไม่ติด,สบายใจไม่ถึงเลท,Morning
9:30:00 AM,เริ่มทำงาน,งานเยอะมาก,ได้ใช้ความรู้,Morning
9:30:00 AM,Clear emails & admin tasks,Email composition takes time,Notify to colleages and partners,Morning
9:30:00 AM,Order coffee on grab delivery,Lose focus at the meeting,feel happy,Morning
9:30:00 AM,เริ่มทำงาน WFH,Online skype สาย เป็นที่เพ่งเล็ง,Status online ทำให้คนอื่นดูว่าเราเข้างานตรงเวลา,Morning
9:30:00 AM,ทำงาน,-,-,Morning
9:30:00 AM,Start a work,Stressful job,Earn salary,Morning
9:30:00 AM,ทำงาน,ระบบล่มจะยุ่งหนักมาก,,Morning
9:30:00 AM,ออกไปร้านกาแฟ และอ่านหนังสือในร้านกาแฟ,เสียเวลาในการเดินทาง,ได้บรรยากาศที่ดี,Morning
9:35:00 AM,Read a book,,Today I read the story about how to do gardening ,Morning
9:40:00 AM,เดินทางไปทำงาน,ง่วงนอน,ถึงที่ทำงาน,Morning
9:40:00 AM,ถึงที่ทำงาน,กลัว covid-19,ได้เจอเพื่อนร่วมงาน,Morning
9:40:00 AM,ประชุมวางแผนการทำงานในวันนี้กับแผนกซ่อมบำรุง,วางแผนยาก เพราะเป็น immediate action,ได้จัด priority ของงาน,Morning
9:45:00 AM,ซื้อกาแฟ,ง่วงนอน,ตื่นตัวเมื่อได้ดื่มกาแฟ,Morning
9:45:00 AM,ไปกินกาแฟ,ไม่กินแล้วง่วงนอน ขี้เกียจทำงาน,สดชื่น ,Morning
10:00:00 AM,ประชุม,เครียด มีข้อถกเถียงไม่จบ,ได้ข้อสรุป,Morning
10:00:00 AM,เริ่ม Focus งาน,ชอบมีสายเข้ามา กวน,ได้ความคืบหน้าของงาน,Morning
10:00:00 AM,ประชุมผ่าน MS Team,,สามารถคุยกับทีมที่ต่างประเทศได้สะดวก,Morning
10:00:00 AM,สกรัมผ่าน MS Team,ได้งานเพิ่ม ,ได้แก้ไขปัญหา ได้แชร์งานที่ทำ,Morning
10:00:00 AM,เดินทางด้วย BTS ไปทำงาน,ราคาสูง,เดินทางสะดวกสบาย,Morning
10:00:00 AM,เริ่มงาน,ไม่มี Passive income,ได้เงินเดือนตอนปลายเดือน,Morning
10:00:00 AM,Work on SQL queries from home,Querying via VPN is much slower than from the office,To work anywhere using VPN is convenient,Morning
10:00:00 AM,เคลียร์งาน,เริ่มล้า เมื่อยนิ้ว+มือ,"ได้เคลียร์งาน,งานเสร็จ,มีงานส่ง",Morning
10:00:00 AM,กรรมการตรวจรับเครื่องมือ,เสียงติดคุก,มีเครื่องมือในการทำงานมากขึ้น,Morning
10:00:00 AM,เล่นกับแมว,หงุดหงิดเวลาแมวเอาเล็บมาขวน ดีดตัวหนี,สนุก เห็นความน่ารักของแมว,Morning
10:00:00 AM,เดินไปตู้เย็น กินขนม พร้อมกับเรียนหนังสือ  (online),"ต้องแยก ทำ 2 อย่างพร้อมๆ กัน กินไปด้วย เรียนไปด้วย
ไม่ค่อยมีสมาธิ",ได้ทำ 2 อย่างในเวลาเดียวกัน,Morning
10:00:00 AM,ทำรีพอต,ขี้เกียจทำ น่าเบื่อ,ทำงานเสร็จส่งทันกำหนด,Morning
10:00:00 AM,ประชุมนำเสนองาน,ได้รับผิดชอบงานเพิ่ม,ได้รับคำชมจากเจ้านาย,Morning
10:00:00 AM,ประชุมนำเสนองาน,ได้รับผิดชอบงานเพิ่ม,ได้รับคำชมจากเจ้านาย,Morning
10:00:00 AM,Meeting,หาข้อสรุปไม่ได้,ทุกคนมีความเข้าใจในทางเดียวกัน,Morning
10:00:00 AM,กินขนม,มีความอยากกิน ไม่ได้หิว,อร่อย,Morning
10:00:00 AM,ประชุมงาน,ยังไม่สามารถหาข้อสรุปได้,เริ่มมีทิศทางและแนวโน้มที่ดีขึ้น,Morning
10:00:00 AM,ประชุม,มี issue ต้องคุยกับทีมอื่น,ได้ทำความเข้าใจมากขึ้น,Morning
10:00:00 AM,Deal with customers,Customer cannot talk,More understanding to close sales,Morning
10:00:00 AM,go to GYM,Muscle pain,"more strength for my body, Healthier",Morning
10:00:00 AM,ทำงานตามแผนที่วางไว้,เหนื่อย,เริ่มจัดการงานตามแผน,Morning
10:00:00 AM,เริ่มงาน,เงียบเกินไป,ได้ focus ไปกับงาน,Morning
10:00:00 AM,กินข้าว,อาหารไม่อร่อย,รู้สึกอิ่มอยู่ท้อง,Morning
10:00:00 AM,ทำงานประจำ Generate report,,มีงานส่ง,Morning
10:00:00 AM,ตรวจสอบงานที่ลงตู้,ชอบมองข้ามงานบางงาน,ให้รับรู้ว่างานมาครบ,Morning
10:10:00 AM,Answer wrong quiz,cannot follow the lesson,,Morning
10:15:00 AM,ทำงานต่อ,กลัวงานไม่เสร็จ,ใช้เวลาให้คุ้มค่า ดูขยัน,Morning
10:30:00 AM,วิเคราะห์ สรุปเอกสาร Requirement,ขี้เกียจ คิดเยอะ ปวดสมอง,ได้เงินเดือน ได้เข้าใจ Business,Morning
10:30:00 AM,ถึงที่ทำงาน เริ่มทำงาน,,เป็นช่วงที่พร้อมทำงานที่สุด,Morning
10:30:00 AM,ไปรับ requirement ใหม่จาก user,output งานไม่ตรงกับความต้องการของ user,งานเสร็จได้ตรงเวลา ไม่ต้องแก้งานบ่อย,Morning
10:30:00 AM,Attend weekly team meeting,,Aligned team direction and update team on progress and issue,Morning
10:30:00 AM,กินกาแฟ,ง่วง,สดชื่น หายง่วง,Morning
10:30:00 AM,อัพรูปตอนเที่ยวลง facebook,อยากไปเที่ยว แต่ติดช่วง COVID ทำให้ไปไม่ได้,สบายใจ แก้เบื่อ,Morning
10:30:00 AM,พักเบรค กินแซนวิช,ไม่อิ่ม,ได้พัก 10 นาที,Morning
10:40:00 AM,ทำงาน,น่าเบื่อ,ได้เงิน,Morning
10:45:00 AM,พักเบรค หาอะไรรองท้อง,หิว ไม่มีพลังในการทำงาน,อิ่ม มีแรงในการทำงาน,Morning
11:00:00 AM,ทำงาน,เหนื่อย เบื่อ,งานเสร็จ,Morning
11:00:00 AM,ทำงานต่อ,งานยังไม่เสร็จ,งานเสร็จทันตามแผน,Morning
11:00:00 AM,meeting team (update sprint plan),เหนื่อย,"ได้ update งาน , ได้คุยกับทีม",Morning
11:00:00 AM,เรียนหนังสือ (online),,,Morning
11:00:00 AM,เข้าไลน์การผลิต เพื่อดูเครื่องจักร,เสียงดัง เมื่อยเพราะยืนทำงาน,ทดสอบเครื่องจักรและแก้ไขปัญหาได้ทันที,Morning
11:00:00 AM,ทำงาน,แก้งานจุดเดิมเพิ่ม,สนุกที่ได้ทำงานต่างๆ,Morning
11:00:00 AM,กลับถึงโรงแรม,,,Morning
11:00:00 AM,Solve and sourcing,A lot of products and services,A fit solution for budget and tech.,Morning
11:00:00 AM,เดินไปดูสภาพการทำงานของเครื่องจักร,ร้อน ฝุ่นเยอะ,ทราบสภาพการณ์ของเครื่องจักร,Morning
11:00:00 AM,ไปห้างสรรพสินค้า,เสียเวลาในการเดินทางและการหาที่จอดรถ,มีสินค้าให้เลือกเยอะ,Morning
11:15:00 AM,ทำงานที่ได้รับมอบหมาย,งานยังไม่เสร็จ,งานมี progress,Noon
11:15:00 AM,อาบน้ำ แต่งตัว แต่งหน้า,,,Noon
11:30:00 AM,กินข้าวเที่ยง,กินอะไรดี,เพื่อนช่วยคิดร้าน,Noon
11:30:00 AM,งีบหลับบนโซฟา,ง่วงนอน นอนไม่เต็มอิ่ม,พักผ่อน,Noon
11:30:00 AM,กินข้าวเที่ยง,คิดไม่ออกกินไรดี ของก็แพง แถมไม่อร่อย ที่สำคัญไม่อิ่ม,เติมพลังงานที่ต้องใช้ในชีวิตประจำวัน,Noon
11:30:00 AM,Having lunch,"- Must go to the cafeteria before 11.30 am unless the food is sold out.
- Tables and chairs are insufficient amounts.
- Sometimes still being full of breakfast or is not yet hungry, but we need to go for a lunch.","- relax from working 
- have time to walk and little exercise to the canteen",Noon
11:30:00 AM,Lunch time,Feeling bored with the same menu,,Noon
11:30:00 AM,พักเที่ยงกินข้าว,หิว,อิ่มท้อง,Noon
11:30:00 AM,ทานอาหารเที่ยงในห้างสรรพสินค้า,รอคิวนาน รออาหารนาน,เปลี่ยนบรรยากาศ,Noon
11:40:00 AM,สั่งข้าวกลางวัน,ค่าส่งแพง,ไม่ต้องเดินตากแดดลงไปกิน,Noon
11:45:00 AM,ดูทีวี,เสียเวลา ไม่ได้เรียนให้จบ,ได้ผ่อนคลาย,Noon
11:45:00 AM,ออกไปทานข้าวเที่ยง,"ขี้เกียจขับรถ, รถติด",รู้สึกผ่อนคลายเมื่อออกไปข้างนอก,Noon
12:00:00 PM,ออกไปกินข้าว,ขับรถออกไปกิน เปลืองน้ำมัน + แดดร้อน,กับข้าวอร่อยกว่าโรงอาหาร,Noon
12:00:00 PM,พักเบรคเที่ยง กินข้าว อ่านนิยาย 1 ตอน เช็คข่าวใน Social เล่นเกมส์ 1 รอบ,หิว ไม่มีพลังในการทำงาน เบื่อ,อิ่ม มีพลังในการทำงาน ได้พักคลายเครียดทำในสิ่งที่รู้สึกชอบ,Noon
12:00:00 PM,Have lunch nearby,Need to hurry but nearby restaurants are quite busy,Wider selection of foods,Noon
12:00:00 PM,ทานข้าวเที่ยง,หาเมนูยากเหลือเกิน,อิ่มท้อง,Noon
12:00:00 PM,เปิดตู้เย็น (หาอาหารทาน) พักเที่ยง,ไม่รู้นะกินอะไร,ได้เดินลงมาพัก,Noon
12:00:00 PM,Have lunch,"bored the same menu, and lazied to order food",gain energy,Noon
12:00:00 PM,กินข้าวกลางวันที่ทำงาน,คนเยอะ,ไม่ต้องเดินทางออกข้างนอก,Noon
12:00:00 PM,กินข้าวเที่ยง,คิดไม่ออก ไม่รู้จะกินอะไรดี,อิ่ม,Noon
12:00:00 PM,เลิกเรียน,เหนื่อยแล้ว หิวด้วย,ได้พัก,Noon
12:00:00 PM,Have lunch nearby,Have to drive and far sometimes depends on how far of selected restaurant,Wider selection of foods,Noon
12:00:00 PM,แต่งตัว,,,Noon
12:00:00 PM,กินข้าวกลางวันที่โรงอาหาร,น่าเบื่อ เมนูซ้ำซาก,ราคาไม่แพง ไม่ต้องออกไปข้างนอก,Noon
12:00:00 PM,รับประทานอาหารกลางวัน,อาหารไม่ถูกปาก,ที่ทำงานเลี้ยงข้าว อิ่มจัง ตังอยู่ครบ,Noon
12:00:00 PM,รับประทานอาหารกลางวัน,อาหารไม่ถูกปาก,ที่ทำงานเลี้ยงข้าว อิ่มจัง ตังอยู่ครบ,Noon
12:00:00 PM,ออกไปกินข้าว,มีแต่ร้านเดิมๆ,อิ่ม ได้คุยกับพี่ที่ทำงาน,Noon
12:00:00 PM,Check out ,,,Noon
12:00:00 PM,พักเที่ยง,คนแน่น,หายหิว,Noon
12:00:00 PM,กินข้าวกลางวันที่ออฟฟิศ,อาหารไม่อร่อย,ไม่ต้องเดินทาง,Noon
12:00:00 PM,ทานข้าวเที่ยง,หิว,อิ่ม,Noon
12:00:00 PM,กินข้าวเที่ยง,อยากกินบุฟเฟ่ แต่ไปกินไม่ได้เวลาน้อยไป,ท้องอิ่ม,Noon
12:00:00 PM,กินข้าวกลางวัน,มีแต่อาหารมันๆ,อิ่ม คลายเครียด,Noon
12:00:00 PM,Play ROV with friend,,Relax with the game,Noon
12:00:00 PM,กินอาหารกลางวัน,หิว,เม้ามอยด์กับทีม,Noon
12:00:00 PM,Lunch,Hot outside but wanna be outside,,Noon
12:00:00 PM,สั่งอาหารเที่ยงผ่าน Food panda,ไม่อยากออกไปซื้อเอง แถวที่ทำงานไม่มีร้านอร่อย อากาศร้อน กลัว COVID,ได้กินอาหารที่อยากกินทันพักเที่ยง,Noon
12:00:00 PM,Lunch time,,I'm full because of Pizza I bought from Italian Restaurant,Noon
12:00:00 PM,ออกไป ทานข้าวที่ cosmo bazaar,เสียเวลาเดินทางช่วงพักเที่ยง  แม้จะใช้เวลาแค่ 20 นาที  ,มีอาหารอร่อยๆให้เลือกเยอะ,Noon
12:00:00 PM,ทานข้าวเที่ยง,ร้านอาหารเยอะเลือกไม่ถูก,คนน้อยไม่ต้องรอนาน,Noon
12:00:00 PM,Lunch,Do not hungry but have to eat,filling,Noon
12:00:00 PM,ไปร้านกาแฟ กินกาแฟ,ง่วง,พักผ่อน,Noon
12:00:00 PM,กินอาหารกลางวัน,ไม่รู้จะกินอะไรดี,พักจากการทำงาน อิ่ม,Noon
12:00:00 PM,สั่งข้าว,ต้องรอ grab 30 นาที,มีเวลาดู port หุ้นต่างๆ,Noon
12:00:00 PM,กินข้าว,อาหารไม่อร่อย,รู้สึกอิ่มอยู่ท้อง,Noon
12:00:00 PM,Do homework,,Skill development,Noon
12:00:00 PM,กินข้าวเที่ยง,ง่วง,"อร่อย,สนุกกับการเลือกอาหาร",Noon
12:00:00 PM,พักเที่ยง,หิว,หายหิว,Noon
12:05:00 PM,เล่นหุ้น,Port 3 ประเทศคนละ timezone,มีเงินค่ากาแฟประจำวัน,Noon
12:10:00 PM,ออกไปหาอะไรกิน,ขี้เกียจออกไปข้างนอก,ได้รับอากาศดี ๆ,Noon
12:10:00 PM,เล่น ROV กับพี่ๆในทีม,หัวร้อน,The star ค้นฟ้าคว้าดาว !!,Noon
12:10:00 PM,ลงไปซื้อกาแฟ,บางวันถ้าไม่กิน ตอนบ่ายจะง่วง,,Noon
12:15:00 PM,กินต้มยำทะเลไข่เจียวกับข้าวเปล่า,กินอาหารอย่างเดียวไม่อิ่ม,อิ่มมากขึ้นเพราะเพิ่มไข่เจียว,Noon
12:15:00 PM,พูดคุยตามอัธยาศัยกับทีมงาน,เหนื่อย,สนุกสนาน,Noon
12:25:00 PM,คุยแลกเปลี่ยนกับคนในทีม,ตอนทำงานบางทีบรรยากาศตรึงเครียด,ได้ relax และพูดคุยนอกจากเรื่องงานกับคนในทีม,Noon
12:30:00 PM,ไปร้านกาแฟ,,เติมความหวานให้ชีวิต,Noon
12:30:00 PM,ออกไปสั่งอาหารตามสั่ง,"ร้อน,ฝุ่นเยอะ,ลำบาก","ได้กินอาหารอร่อย, อิ่มท้อง",Noon
12:30:00 PM,นั่งคุยกับเพื่อนร่วมงาน,อยากนอน,พักผ่อน สนุก คลายเครียด,Noon
12:30:00 PM,แอบงีบ,ที่นอนไม่ค่อยสบายเพราะนอนที่โต๊ะทำงาน,พักผ่อน,Noon
12:30:00 PM,แอบงีบ,ที่นอนไม่ค่อยสบายเพราะนอนที่โต๊ะทำงาน,พักผ่อน,Noon
12:30:00 PM,กลับมาทำงาน(ต่อ),ท้องอิ่มละง่วง,,Noon
12:30:00 PM,Continue working,Hard working to deal with plant member,,Noon
12:30:00 PM,หมดเวลาพัก กลับไปทำงานต่อ,หมดเวลาพักผ่อน,จัดการงานต่อ,Noon
12:30:00 PM,กินข้าว,ต้องลงไปเอาข้าวด้านล่าง,อิ่ม,Noon
12:30:00 PM,กินข้าวเที่ยง,ถ้ามีประชุมตอนบ่าย จะกินข้าวไม่ทัน ไม่มีเวลาเดินช๊อปปิ้งตลาดนัด,ถ้ามีประชุมตอนบ่าย จะมีเวลาเดินช๊อปปิ้งตลาดนัด,Noon
12:30:00 PM,นอนกลางวัน,ง่วงนอน ไม่สดชื่น,ตื่นมาสดชื่น พร้อมทำงานต่อช่วงบ่าย,Noon
12:30:00 PM,กลับเข้ามาโรงงาน,-,-,Noon
12:30:00 PM,Have lunch at baan somtum,waiting queue so long,update status by posting ig stories,Noon
12:30:00 PM,Shopping ซื้อของแต่งบ้าน,ใช้เวลาเลือกซื้อสินค้านาน,ซื้อสินค้าที่อยากได้ทันที,Noon
12:40:00 PM,อาบน้ำ,ร้อน,ตัวเย็นขึ้น,Noon
12:40:00 PM,นั่งสมาธิ,-,คลายเครียจจากการทำงาน,Noon
12:40:00 PM,นอนกลางวัน,,ได้พักผ่อน,Noon
12:45:00 PM,ซื้อกาแฟ,ได้ช้า,หายง่วง,Noon
12:45:00 PM,งีบ,งีบไม่ค่อยหลับ,ได้พักผ่อนเต็มที่,Noon
12:50:00 PM,ซื้อกาแฟ,ง่วงตอนบ่าย,ลดอาการง่วงในขณะทำงาน,Noon
12:50:00 PM,กินข้าว,พลังงานหมด,อิ่ม,Noon
1:00:00 PM,ทำงาน,เหนื่อย เบื่อ,งานเสร็จ,Noon
1:00:00 PM,ไปร้านชาไข่มุก,อ้วน,อร่อย มีความสุข,Noon
1:00:00 PM,กลับมาทำงาน,ง่วงเพราะกินเยอะ,,Noon
1:00:00 PM,ทำงานต่อ,งานยังไม่เสร็จ,งานเสร็จทันตามแผน,Noon
1:00:00 PM,สั่งข้าวผ่าน Line man,ไม่รู้จะกินอะไรดี,ไม่ต้องออกไปหาซื้อ,Noon
1:00:00 PM,กินอาหาเที่ยง,มีร้านให้เลือกน้อย,พักจากการทำงาน และอิ่มท้อง,Noon
1:00:00 PM,Work on a Python script that fetches data from DB to do model scoring,The server doesn't have a query tool. Using Python to do SQL query can be inconvenient,"With the server's capabilities and intranet to connect to the internal DB, the work is much faster than using my own laptop via VPN",Noon
1:00:00 PM,ชงกาแฟ,,อร่อย+แก้ง่วง,Noon
1:00:00 PM,Continue working,do the same things,,Noon
1:00:00 PM,เริ่มทำงาน,,,Noon
1:00:00 PM,เริ่มทำงานรอบบ่าย,งานยังไม่เสร็จ,งานมี progress มากขึ้น,Noon
1:00:00 PM,เดินทางออกจากบ้านไปนวด คอ บ่า ไหล่,ต้องเดินทางไป เสียเวลารถติด,ผ่อนคลาย สบายตัว,Noon
1:00:00 PM,เริ่มเรียน,ไม่มี,ได้ความรู้ใหม่ ๆ,Noon
1:00:00 PM,"Work on SQL queries, Power BI",New issues come everyday,Learn something new to gain more knowledge,Noon
1:00:00 PM,กินข้าวกลางวัน ที่ร้านก๋วยเตี๋ยวแถวบ้าน,,คนไม่พลุกพล่าน,Noon
1:00:00 PM,เริ่มทำงาน(ต่อ),จิตใจห่อเหี่ยว,ได้เคลียร์งานตามหน้าที่และความรับผิดชอบ,Noon
1:00:00 PM,เข้าห้องน้ำ แปรงฟัน,ขี้เกียจแปรงฟัน,ลมหายใจสดชื่น มั่นใจที่คุยกับคนอื่น,Noon
1:00:00 PM,ทำงาน,น่าเบื่อ,ได้เงิน,Noon
1:00:00 PM,เริ่มงานช่วงบ่าย เปิด PO,PR ผิดเยอะมาก ,,Noon
1:00:00 PM,เริ่มงานช่วงบ่าย เปิด PO,PR ผิดเยอะมาก ,,Noon
1:00:00 PM,Start working again,- Being full and sometimes feel sleepy,- less work efficiency,Noon
1:00:00 PM,ทานมื้อเที่ยง,ทานเมนูเดิม,อิ่ม,Noon
1:00:00 PM,กลับมาทำงาน,ง่วงเพราะกินเยอะไป,ใกล้เลิกงานแล้ว,Noon
1:00:00 PM,กินข้าวเที่ยงที่ร้านสลักเพชร,"ปลาหมดทุกอย่างยกเว้นปลาเก๋า, แพงไปหน่อย","อร่อย, ทิวทัศน์ร้านอาหารสวยงาม",Noon
1:00:00 PM,ซื้อชาไข่มุก,อยากกินน้ำหวาน,อารมณ์ดี,Noon
1:00:00 PM,Follow up partners,Long talk but less conclusion,Better delivery and services,Noon
1:00:00 PM,go shopping,Lose money,I pay what I want,Noon
1:00:00 PM,ไปนั่งทำงานช่วงบ่ายที่ Co-Working Space,คนเยอะ เสียงดัง วุ่นวาย เสียค่าเครื่องดื่ม อาหารในการใช้สถานที่ ไม่ใช่ทุกที่นั่งที่จะมีปลั๊ก  ต้องเดินหาที่นั่งที่เหมาะสมในการนั่งทำงาน,Wifi แรง มีที่นั่งเยอะ บรรยากาศดี  พื้นที่กว้าง  การตกแต่งสวย,Noon
1:00:00 PM,เรียนวิชาสอง พร้อมกับทำการบ้านวิชาอื่น,ง่วงนอนมาก ไม่เข้าใจเนื้อหา,ได้มีเวลาทำการบ้านเพิ่ม,Noon
1:00:00 PM,Team work in progress conference,,Happy to see work progress,Noon
1:00:00 PM,เดินไปซื้อน้ำหวานมากิน,ง่วง เพลีย,สดชื่น,Noon
1:00:00 PM,เข้างานช่วงบ่าย,อยากพักต่อ,ทำงานที่ค้างอยู่ให้เสร็จ,Noon
1:00:00 PM,ทำงาน,อิ่มแล้วเริ่มง่วง,แต่คิดงานออก,Noon
1:00:00 PM,เริ่มทำงาน,กลัวงานไม่เสร็จ,ใช้เวลาให้คุ้มค่า ดูขยัน,Noon
1:00:00 PM,ทำงาน,-,-,Noon
1:00:00 PM,ชงกาแฟ,,หายง่วง,Noon
1:00:00 PM,Lunch,Many choices of restaurant,Not hungry,Noon
1:00:00 PM,ช่วยลูกน้องเรียงงาน,ปวดหลัง,งานเรียบร้อย ได้ออกกำลังกาย,Noon
1:00:00 PM,ทำงาน,,,Noon
1:00:00 PM,กลับเข้าออฟฟิตทำงาน,งานเยอะมาก,ได้ใช้ความรู้,Noon
1:00:00 PM,เริ่มงานช่วงบ่าย,อยากมีเวลาพักมากกว่านี้,ทำงานที่ค้างอยู่ให้เสร็จ,Noon
1:10:00 PM,เช็ค Facebook Instragram,ไม่รู้จะดูอะไร เลื่อนไปเรื่อยๆ เสียเวลา,รู้เรื่องชาวบ้าน อัพเดทเทรน,Noon
1:10:00 PM,เตรียมข้อมูลไปประชุมกับลูกค้า,ง่วงนอน น่าเบื่อ,ได้อัพเดทข้อมูลกับลูกค้า,Noon
1:15:00 PM,ทำงาน,งานค้าง,งานมี progress,Noon
1:15:00 PM,ทำงานต่อ,งานยังเหลือเยอะ,งานเสร็จเป็นอย่างๆ,Noon
1:30:00 PM,กลับเข้ามาทำงาน,เริ่มง่วง (กินเยอะ),ได้ความคืบหน้าของงาน,Afternoon
1:30:00 PM,ทำงานต่อแบบง่วงๆ,ง่วงมากเพราะกาแฟไม่ช่วยอะไร,,Afternoon
1:30:00 PM,ทำงาน ,งานเยอะ ,งานเสร็จ ,Afternoon
1:30:00 PM,ประชุมผ่าน MS Team,ไม่สามารถพูดเสียงดัง หรือเปิดลำโพงได้ ต้องใช้หูฟังหลายแบบ ทั้งต่อคอม ต่อไอโฟน และต้องพกสายชาร์จโน้ตบุค ชาร์จไอโฟน ชาร์จไอแพด ต้องขนอุปกรณ์เยอะมาก,มีสมาธิในการทำงาน ไม่สะดุด,Afternoon
1:30:00 PM,เข้านอน,เสียเวลา ไม่ได้เรียนให้จบ,ได้พักผ่อน,Afternoon
1:30:00 PM,เริ่มทำงานประจำต่อ,ง่วง เพิ่งกินข้าวอิ่มแต่ไม่อยากกินกาแฟเพิ่มเพราะจำกัดไว้แค่1แก้วต่อวัน,งานจะได้เสร็จไวๆ ไม่ต้องเลิกงานดึก,Afternoon
1:30:00 PM,ดื่มกาแฟที่แม่บ้านชงให้,ไม่ค่อยอร่อย,ฟรี,Afternoon
1:30:00 PM,Daily meeting with other team,"ใช้เวลานาน,หลงประเด็น",,Afternoon
1:40:00 PM,กินข้าว,กินอิ่มง่วงนอน อ้วน,อิ่ม,Afternoon
1:45:00 PM,กินกาแฟ,,รู้สึกตื่นพร้อมทำงานสำหรับช่วงบ่าย,Afternoon
1:45:00 PM,หากาแฟกิน,,หายง่วง มีแรงลุยงานต่อ,Afternoon
1:50:00 PM,เดินไปห้องประชุม,ร้อน และเดินไกล,ได้ไปประชุมตามตรงเวลา,Afternoon
2:00:00 PM,จังหวะปวดฉี่,ขี้เกียจเดินไปห้องน้ำ,โล่ง,Afternoon
2:00:00 PM,เริ่มทำงานช่วงบ่าย,อยากพักต่อ,ได้เริ่มทำงานที่ค้างอยู่ให้เสร็จ,Afternoon
2:00:00 PM,กินข้าวเที่ยง,หิว,อิ่ม,Afternoon
2:00:00 PM,ประชุม,,อับเดทงาน + ช่วยกันคิดงาน,Afternoon
2:00:00 PM,เคลียร์งาน,"เริ่มง่วง,VPN ช้า, Query Data slow response","งานเสร็จ,มีเวลาทำการบ้าน",Afternoon
2:00:00 PM,Brew coffee,,make fresh and awake,Afternoon
2:00:00 PM,ตรวจรับงานจ้างซ้อมเครื่องมือ,เสียงติดคุก,มีเครื่องมือในการทำงานมากขึ้น,Afternoon
2:00:00 PM,อ่านหนังสือ,"รู้สึกง่วงนอนตอนบ่าย
อ่านหนังสือไม่ค่อยรู้เรื่อง",ได้รับความรู้,Afternoon
2:00:00 PM,ประชุมกับลูกค้า,ลูกค้าเรื่องมาก ,ทำงานให้ลูกค้า ได้ความประทับใจ,Afternoon
2:00:00 PM,กินข้าวเที่ยง,ร้านไม่ค่อยเปิดต้องสั่งdelivery,อิ่ม,Afternoon
2:00:00 PM,สั่งกาแฟแก้วที่ 2 ผ่าน Grab Food,,ได้ส่วนลด 25%,Afternoon
2:00:00 PM,สั่งกาแฟแก้วที่ 2 ผ่าน Grab Food,,ได้ส่วนลด 25%,Afternoon
2:00:00 PM,ทำงาน,แก้งานจุดเดิมเพิ่ม,สนุกที่ได้ทำงานต่างๆ,Afternoon
2:00:00 PM,กินกาแฟ,,หายง่วงนอน ตื่นตัว,Afternoon
2:00:00 PM,เที่ยวที่สะพานแดง,ต้องเดิน,"คนเที่ยวน้อยดีต่อการถ่ายรูป, ทิวทัศน์สวยมาก",Afternoon
2:00:00 PM,Coordinate meeting,Listen a lot for little progress,,Afternoon
2:00:00 PM,ติดตามสถานะงานของวันนี้ ตามแผนที่ได้วางไว้,ดู progress งานกับแผน,ควบคุมเวลาได้,Afternoon
2:00:00 PM,Try coffee at Horme caf?,,update status by posting ig stories,Afternoon
2:00:00 PM,Back to workplace,Stressful job,Earn salary,Afternoon
2:00:00 PM,ตรวจสอบงานขาเข้า,ปวดตา ปวดคอ,ได้รู้ว่างานมาครบจริงไหม,Afternoon
2:05:00 PM,ทำงานต่อ,-,ได้ความคืบหน้าของงาน,Afternoon
2:10:00 PM,Online horoscope,Get shock and stress from the prophecy,talk to friend,Afternoon
2:30:00 PM,เปิด Streaming ดูหุ้นไทย,เสียสมาธิในการทำงาน,ได้ดูความเป็นไปของตลาดหุ้น,Afternoon
2:30:00 PM,พักเบรค,เบื่อ ,ได้พักเติมพลัง,Afternoon
2:30:00 PM,ออกไปซื้อของทำขนม,ต้องเดินทาง ไปแล้วได้มากกว่าที่ List ไว้,ได้ของตามที่เราต้องการ เลือกเองได้ ถูกใจ หาของทดแทนได้,Afternoon
2:30:00 PM,ซื้อของกินเล่นเพิ่มเติม,อยากกิน,หายอยาก,Afternoon
2:30:00 PM,เดินเลือกซื้อของกิน ของใช้,คิดไมออก ไม่รู้จะซื้อไรเข้าบ้านเก็บไว้ แต่ต้องมี,ของใช้พร้อม อาหารพร้อม เวลาอยู่บ้าน,Afternoon
2:30:00 PM,Find some drinks,"- Waste time to find promotion in food delivery applications
- Waste money
- Become fat",- Intake sugar to blood and feel fleshy,Afternoon
2:30:00 PM,ออกไปซื้อขนม,น้ำหนักขึ้น,มีแรงลุยงานต่อ,Afternoon
2:30:00 PM,เติมกาแฟ,ง่วง ,สดชื่น หายง่วง,Afternoon
2:30:00 PM,กาแฟ,ร้าน specialty coffee ส่งนาน,กาแฟหอมอร่อย ไม่มีนมข้นและน้ำตาล + ตื่น,Afternoon
2:30:00 PM,นัดเจอเพื่อนที่ร้าน ขนมหวาน,ทานเยอะ น้ำหนักขึ้น,ได้พูดคุยกับเพื่อน,Afternoon
2:35:00 PM,ทำงานต่อ,-,ได้ความคืบหน้าของงาน,Afternoon
2:45:00 PM,ทำงานต่อ,งานยังไม่เสร็จ,งานเสร็จทันตามแผน,Afternoon
2:45:00 PM,ทำงานต่อ,งานยังไม่เสร็จ,งานเสร็จทันตามแผน,Afternoon
2:45:00 PM,ทำงาน,ก้นเริ่มชา,หัวแล่นมากจากกาแฟ,Afternoon
3:00:00 PM,เรื่มงานบ่าย,มีงานค้างจากตอนเช้า,เคลียงานเสร็จก่อนเลิกงาน,Afternoon
3:00:00 PM,meeting  (with with  marketing team),"กดดันเล็กน้อย,เหนื่อย,สื่อสารกันลำบาก(เนื่องจาก WFH)",ได้รู้จักกับทีมอื่นมากขึ้น,Afternoon
3:00:00 PM,Feel sleepy,don't know why coffee can't help,,Afternoon
3:00:00 PM,ติดต่องานเกี่ยวกับพัสดุ,ติดต่อยากเอกสารเยอะ,,Afternoon
3:00:00 PM,ประชุม,Project มีความซับซ้อน,เข้าใจ Scope งาน,Afternoon
3:00:00 PM,อ่านหนังสือ,,ได้รับความรู้,Afternoon
3:00:00 PM,ประชุมกับทีมงาน New product,รายละเอียดเยอะ กดดัน,ได้เรียนรู้ product ใหม่ๆ ,Afternoon
3:00:00 PM,ติดต่อแผนกบัญชีรับเงิน,เสียเวลาต้องเดินไปรับเอง น่าจะโอนคืน,ได้รับเงิน,Afternoon
3:00:00 PM,ติดต่อแผนกบัญชีรับเงิน,เสียเวลาต้องเดินไปรับเอง น่าจะโอนคืน,ได้รับเงิน,Afternoon
3:00:00 PM,Meeting,หาข้อสรุปไม่ได้,ทุกคนมีความเข้าใจในทางเดียวกัน,Afternoon
3:00:00 PM,รับประทานอาหารว่าง,หิว กินแก้เบื่อ,อิ่ม อารมณ์ดี,Afternoon
3:00:00 PM,arrive home,,,Afternoon
3:00:00 PM,สั่งน้ำ ขนมของร้านมานั่งกินระหว่างทำงาน,แพง,อร่อย,Afternoon
3:00:00 PM,Working on presentation,,Feel productive,Afternoon
3:00:00 PM,สรุปผลสถานะการทำงานของวันนี้ ว่าตามแผนหรือไม่,เร่งงานให้เสร็จตามแผน,ปิดงานของวันนี้,Afternoon
3:15:00 PM,ประชุมทีมย่อย,,สรุปงานที่จะทำประจำวัน,Afternoon
3:15:00 PM,Watch Netflix,,watching series that I can't watch during Mon- Fri,Afternoon
3:30:00 PM,ชงกาแฟ,ง่วง เมื่อย,เดินยืดเส้นยืดสาย,Afternoon
3:30:00 PM,ทำงานประจำ Generate report,,มีงานส่ง,Afternoon
3:45:00 PM,ประชุมทีมใหญ่,,สรุปรายละเอียดระหว่างทีม,Afternoon
3:45:00 PM,ทำงานต่อ,งานค้าง,งานเกือบเสร็จ,Afternoon
4:00:00 PM,ทำงาน,เบื่อ งานด่วนมักมาใกล้เลิกงาน,งานเสร็จ,Afternoon
4:00:00 PM,ทำขนม,ยืนนาน เฝ้าตู้อบเพื่อดูสีของขนม เสียเวลาในการเฝ้าไปโดยเปล่าประโยชน์,สร้างรายได้เสริม สร้างภาพพจน์บน Social,Afternoon
4:00:00 PM,ทำงานกระจายเอกสารให้แต่ละหน่วยงาน,เอกสารเยอะทำให้เกิดผิดพลาด,,Afternoon
4:00:00 PM,ทำการบ้าน,เครียด จริงจัง,การบ้านเสร็จตามกำหนด,Afternoon
4:00:00 PM,เรียนเสร็จแล้ว,ไม่มี,ได้พัก,Afternoon
4:00:00 PM,กินขนม พักผ่อน,น้ำหนักเพิ่ม,ผ่อนคลาย,Afternoon
4:00:00 PM,เดินกลับออฟฟิต,เหนื่อย และ ร้อน,เดินออกกำลังกาย ,Afternoon
4:00:00 PM,ไปห้อง MD เซ็นต์เอกสาร,ไม่มีเวลาทำงานอื่นเพิ่มเติม,พูดคุยกันแลกเปลี่ยนความคิด,Afternoon
4:00:00 PM,ไปห้อง MD เซ็นต์เอกสาร,ไม่มีเวลาทำงานอื่นเพิ่มเติม,พูดคุยกันแลกเปลี่ยนความคิด,Afternoon
4:00:00 PM,ทำงาน,แก้งานจุดเดิมเพิ่ม,สนุกที่ได้ทำงานต่างๆ,Afternoon
4:00:00 PM,กลับกรุงเทพ,ใช้เวลาเดินทางนาน,หลับในรถได้,Afternoon
4:00:00 PM,"เล่นมือถือ Facebook, Instagram, Shopee",เสียเวลาไปโดยไม่ได้สาระความรู้เพิ่มเติม,ผ่อนคลาย เพลิดเพลิน ไม่เครียด,Afternoon
4:00:00 PM,เลิกงาน เดินทางกลับบ้าน,เบื่อการขับรถ,จบงานของวัน,Afternoon
4:00:00 PM,กินขนม,หิว,ได้กินของอร่อย อารมดี,Afternoon
4:00:00 PM,เดินทางกลับบ้านและแวะเติมน้ำมัน ระหว่างทานกลับบ้าน,,,Afternoon
4:00:00 PM,เลิกงาน เดินทางกลับบ้าน,เบื่อที่ต้องเจอรถติด,ได้กลับบ้าน,Afternoon
4:01:00 PM,เปิด LINE MAN หาของกินแล้วก็ปิดไป,มีร้านเยอะไปหมด แต่ไม่รู้จะกินอะไรดี,ไม่ได้อะไรเลย,Afternoon
4:15:00 PM,พักกินขนม,เปลืองเงิน และ อ้วน,พักสมอง พักผ่อน,Afternoon
4:25:00 PM,ทำงานสรุปรีพอตการประชุม,เหนื่อย,ได้จัดลำดับความสำคัญของงาน,Afternoon
4:30:00 PM,ขับรถออกจากที่ทำงาน,รถติด,ฟัง Podcast/เพลง,Afternoon
4:30:00 PM,ทำงานต่อ,งานยังไม่เสร็จ,งานเสร็จทันเวลา,Afternoon
4:30:00 PM,เลิกงาน เดินกลับห้อง,แดดร้อน คนค่อนข้างเยอะ,ได้กลับบ้านเร็ว,Afternoon
4:30:00 PM,แวะตลาดเพื่อซื้อของ กลับไปทานอาหารที่บ้าน,ต้องซื้อวัตถุดิบหลายอย่าง,ซื้อของที่สด สะอาด ,Afternoon
4:33:00 PM,สอนเพื่อนทำการบ้าน,เพื่อนติดปัญหาการบ้าน,เพื่อนทำการบ้านเสร็จ,Afternoon
4:40:00 PM,ถึงบ้าน นั่งพักผ่อนดูทีวี,เหนื่อย,พักผ่อน,Afternoon
4:45:00 PM,meeting with team,,,Afternoon
5:00:00 PM,ขับรถกลับบ้าน,เบื่อรถติด,ถึงบ้านโดยสวัสดิภาพ,Afternoon
5:00:00 PM,ถึงบ้าน ไปให้อาหารนกแก้ว,ร้องเสียงดัง รำคาญ,เอ็นดูนกแก้ว,Afternoon
5:00:00 PM,เลิกงาน นั่งรอเพื่อนไปกินข้าวเย็นด้วยกัน,หิว,ได้งานเพิ่มขึ้นช่วงรอเพื่อนเลิกงาน,Afternoon
5:00:00 PM,order food delivery (grab food),"เมนูเยอะเลือกยาก,ไม่รู้กินไรดี,รออาหารช้า",ได้กินอาหารที่อยากกินใหม่,Afternoon
5:00:00 PM,เดินเล่นริมทะเล,,ผ่อนคลาย,Afternoon
5:00:00 PM,เลิกงาน,ต้องเดินทางกลับซึ่งก็อาจจะเกิดอันตรายได้,ได้กลับไปทำในสิ่งอื่นๆทั้งที่อยากทำ และ ต้องทำ,Afternoon
5:00:00 PM,เข้าไลน์การผลิต เพื่อเทสตัวงานให้ลูกค้า,เบื่อกับปัญหาเดิมๆ,ทำงานตามที่ลูกค้าสั่งได้เสร็จ,Afternoon
5:00:00 PM,เลิกงานกลับบ้าน,,มีความสุขงานเสร็จเรียบร้อย,Afternoon
5:00:00 PM,เลิกงานกลับบ้าน,,มีความสุขงานเสร็จเรียบร้อย,Afternoon
5:00:00 PM,เลิกงาน,ขี้เกียจขับรถกลับเพราะรถติด,ได้กลับบ้านไปดู Netflix,Afternoon
5:00:00 PM,Finish working,,Feel happiness (Specially Friday),Afternoon
5:00:00 PM,ประชุม,ไม่เข้าใจงานที่ได้รับมอบหมาย,เข้าใจงาน สามารถทำงานที่ได้รับได้,Afternoon
5:00:00 PM,Clear office tasks,A lot of call for next steps,,Afternoon
5:00:00 PM,แวะซื้อของกินที่ 7-11,หิว หาอะไรรองท้องก่อนออกกำลังกาย,กินแล้วมีแรงออกกำลังกาย,Afternoon
5:00:00 PM,Suanluang Park,Frustrate from overcrowded,,Afternoon
5:00:00 PM,รดน้ำต้นไม้,,"สงบ,ได้สมาธิ",Afternoon
5:00:00 PM,พักเบรค,นั่งว่าง,ผ่อนคลาย,Afternoon
5:00:00 PM,ประชุมสรุปเคสประจำวัน,เคสเยอะ ลากยาว ,รู้แผน ที่จะทำในวันถัดไป,Afternoon
5:20:00 PM,ทำงาน,-,-,Evening
5:30:00 PM,ออกไปกินข้าว,ไม่รู้จะกินอะไร,อิ่มท้อง,Evening
5:30:00 PM,พักเบรคงาน ช่วงเย็น ออกจากบ้านไปหาของกิน ไปซื้อของที่ตั้งใจจะซื้อ,ต้องขับรถออกจากบ้าน,ได้ของกิน ได้ของที่ตั้งใจจะซื้อ ได้ออกไปผ่อนคลาย,Evening
5:30:00 PM,อยากนอน แต่ออกไปหาข้าวกิน,ง่วงก็ง่วง แต่หิว,อิ่มแล้ว,Evening
5:30:00 PM,Shopping,ช๊อปเพลิน กระเป๋าเบาเลย,ได้ซื้อของ คลายความเครียด,Evening
5:30:00 PM,ทานมื้อเย็น,กลัวอ้วน,อิ่ม มีแรงออกกำลังกาย,Evening
5:30:00 PM,Take the van to home,Use the time more than coming to office,Go back to my home,Evening
5:30:00 PM,ไปซื้อข้าวเย็นที่ cosmo bazaar เพื่อเอากลับไปกินที่บ้าน,มีของอยากกินเยอะไปหมด เลยซื้อมาเกินจำเป็น กินหมดก็อ้วน,มีอาหารอร่อยให้เลือกซื้อเยอะ,Evening
5:30:00 PM,ทานอาหารเย็น เล่นมือถือขณะทานอาหาร,เลือกไม่ถูกว่าจะทานอะไรดี,"ได้เดินออกกำลังกายเลือกร้าน, คนน้อยไม่ต้องรอนาน ",Evening
5:30:00 PM,เปิดคอมพิวเตอร์,งานยังไม่เสร็จ,เตรียมทำงาน,Evening
5:30:00 PM,เลิกงาน,เหนื่อย,ได้ทำอะไรที่อยากทำ,Evening
5:30:00 PM,เดินทางไปเล่นฟิตเนส,"ขี้เกียจขับรถ, รถติด",-,Evening
5:30:00 PM,Go to Decathlon,,Little exercise from equipment testing,Evening
5:30:00 PM,ล้างจาน,,สงบ,Evening
5:30:00 PM,มาเรียงงานที่เหลือ,ปวดหลัง,งานเรียบร้อย ได้ออกกำลังกาย,Evening
5:30:00 PM,ทำอาหารที่บ้านพร้อมครอบครัว,เสียเวลาในการเตรียมอาหาร,ได้ใช้เวลาร่วมกันกับครอบครัว ,Evening
5:40:00 PM,เล่นอินเตอร์เน็ต อ่านบทความออนไลน์,เบื่อ,อัพเดตข่าวสาร,Evening
5:45:00 PM,ถึงคอนโด,อยากนอน,ได้เปลี่ยนเสื้อผ้าเพื่อไปทำในสิ่งต่อไป,Evening
5:50:00 PM,เตรียมตัวกลับบ้าน,,ดีใจจะได้กลับบ้าน,Evening
5:55:00 PM,หัวหน้าเรียกประชุม,ไม่เข้าใจ เบื่อทำไมนัดประชุมก่อนเลิกงาน 5นาที ควรนัดในเวลางาน,ได้งานเพิ่มและรู้รายละเอียดปัญหาแต่ละทีมที่ทำงาน,Evening
6:00:00 PM,ขับรถกลับ,,ออกช้า รถเริ่มโล่ง,Evening
6:00:00 PM,Doing BADS homework/project,Feeling tired,"Gaining knowledge, practicing",Evening
6:00:00 PM,กินข้าวเย็น,,ทำอาหารเอง สนุกสนาน,Evening
6:00:00 PM,ออกกำลังกาย,"เหนื่อย,เมื่อยตัว",รู้สึกเบาตัว,Evening
6:00:00 PM,Finish working,don't know what to eat,relax,Evening
6:00:00 PM,ทำ trend Product,หาข้อมูลได้ยากเนื่องจากมาจากหลายระบบ,,Evening
6:00:00 PM,ทำอาหารเย็น,ไม่อร่อยเท่าร้านทำ,ไม่ต้องออกไปกินนอกบ้าน ไม่มีผงชูรส,Evening
6:00:00 PM,กินข้าวเย็น ที่บ้าน,เสียเวลาเก็บล้าง,ไม่ต้องเสียเวลาเดินทาง ไปกินข้าว,Evening
6:00:00 PM,ซื้อของทำกับข้าว,ของที่ต้องการหมด,,Evening
6:00:00 PM,ซื้อของทำกับข้าว,ของที่ต้องการหมด,,Evening
6:00:00 PM,ถึงบ้าน,,,Evening
6:00:00 PM,เลิกงาน,ยังมีงานค้างอยู่,ดีใจ,Evening
6:00:00 PM,ออกกำลังกาย,เหนื่อย เมื่อยกล้าเนื้อ,รู้สึกว่าร่างกายแข็งแรงขึ้น,Evening
6:00:00 PM,เลิกงาน,,ดีใจเลิกงงานแล้ว,Evening
6:00:00 PM,ฝึกสุนัข,โดนกัด โดนข่วน,สุนัขมีวินัยมากขึ้น,Evening
6:00:00 PM,ทำงาน,งานค้าง,งานมี progress,Evening
6:00:00 PM,Play with children,"Not enough light, a lot  mosquitos",,Evening
6:00:00 PM,Dinner ,,Delicious food I gain my happiness,Evening
6:00:00 PM,ออกจากที่ทำงาน ขับรถไปที่บ้าน,ขี้เกียจขับรถ รถติดช่วงเวลาเร่งด่วน,ถึงที่บ้านเร็ว มีเวลากินข้าว ออกกำลังกาย อ่านหนังสือ ดู Youtube,Evening
6:00:00 PM,กินข้าว,อาหารไม่อร่อย,รู้สึกอิ่มอยู่ท้อง,Evening
6:00:00 PM,เล่นฟิตเนส,ขี้เกียจออกกำลังกาย,ร่างกายแข็งแรง,Evening
6:00:00 PM,เล่นเกมส์,,"ได้หัวเราะ,มีเวลากับครอบครัว",Evening
6:00:00 PM,Dinner,"Low cal. Food, not a good taste",Not hungry,Evening
6:00:00 PM,ออกจากที่ทำงาน,,,Evening
6:10:00 PM,ขับรถกลับบ้าน,รถติดอีกก,,Evening
6:10:00 PM,Have dinner at Nice Two Meet You,smelly hands and hair,Fullfill my need,Evening
6:15:00 PM,ขึ้นบีทีเอสกลับคอนโด,ที่ทำงานไกลจากที่พัก และรถติด,กลับบ้านไวขึ้นเพราะไม่ต้องเจอรถติด,Evening
6:15:00 PM,ออกกำลังกาย,ร่างกายต้องต่อสู้กับความอ้วนของตัวเอง,ได้ออกกำลังกาย เพื่อสุขภาพและลดน้ำหนัก,Evening
6:15:00 PM,ให้อาหารสุนัข,เปลืองเงิน,สุนัขอิ่ม,Evening
6:25:00 PM,เตรียมตัวกลับบ้าน,,,Evening
6:30:00 PM,กลับมานอนเล่นโทรศัพท์บนเตียง,-,ผ่อนคลาย,Evening
6:30:00 PM,กินข้าวเย็น,ไปร้านเดิมๆ,ได้กินข้าวพร้อมกับเพื่อนๆ,Evening
6:30:00 PM,ถึงบ้าน เก็บของ,บ้านรก,อยู่ในที่คุ้นเคย สบายใจ บ้านเป็นระเบียบ,Evening
6:30:00 PM,Have dinner nearby,Have dinner late and will gain more weight,Find something to eat to release stress,Evening
6:30:00 PM,ขึ้นรถตู้บริษัท,เดินทางไกลนาน,ได้นอนหลับบนรถ,Evening
6:30:00 PM,Driving back to home,"- Traffic jam more than in morning
- Get frustated",- Feel relax from watching netflix while driving,Evening
6:30:00 PM,ทานมื้อเย็น,ไม่รู้จะกินอะไร กลัวอ้วน,อิ่ม,Evening
6:30:00 PM,ขึ้นรถเมล์ไป BTS,บางทีรอรถนาน,สะดวกและค่าโดยสารถูก,Evening
6:30:00 PM,ออกกำลังกาย ตามคลิปที่ห้อง,ขี้เกียจออกกำลังกาย เหนื่อย,หุ่นดี สุขภาพดี,Evening
6:30:00 PM,Family time,,Watch movie at home with my mom,Evening
6:30:00 PM,รับประทานอาหารเย็นพร้อมกันในครอบครัว,ทุกคนรอกินข้าวพร้อมกัน,สร้างความสัมพันธ์ระหว่างสมาชิกในครอบครัว,Evening
6:30:00 PM,กินข้าวเย็น,หิว,หายหิว,Evening
6:30:00 PM,เตรียมตัวกลับบ้าน,,ดีใจได้กลับบ้านซักที,Evening
6:30:00 PM,วิ่ง,ขี้เกียจวิ่ง,หัวใจแข็งแรง,Evening
6:30:00 PM,อาบน้ำ,,สะอาด,Evening
6:30:00 PM,Drive a car to gym,Bad traffic,Comfortable personal car,Evening
6:30:00 PM,ไปกินข้าวที่ สวนหลวงสแควร์กับเพื่อน,ร้านเหลือน้อย เพราะปิดโควิด,คนไม่เยอะ รถไม่ติด,Evening
6:30:00 PM,รับประทานอาหารที่บ้าน,อาหารเหลือ ล้างจานเยอะ ,อาหารอร่อยถูกปาก กินอิ่ม,Evening
6:40:00 PM,น็อก,เรียนจนหัวหมุน ไม่ไหวแล้ว,ได้สลบจากโลกนี้เสียที,Evening
6:40:00 PM,ทำการบ้าน และเล่นมือถือ,"ต้องกลับไปย้อนฟังคลิปที่เรียนใหม่, สมาธิเสีย ทำสองอย่าง",เข้าใจเนื้อหารที่เรียนมากขึ้น ได้ฝึกทำแบบฝึกหัด ได้คุยกับเพื่อน,Evening
6:40:00 PM,ขับรถกลับบ้าน,เจอรถติดกับรถขับไม่มีมารยาท,ถึงที่บ้านไวเพราะไม่ต้องรอรถสาธารณะ ไม่เสียเวลา,Evening
7:00:00 PM,กินข้าวเย็น,หิว กลัวอ้วน,ได้ใช้เวลากับครอบครัว,Evening
7:00:00 PM,ทำงานต่อ,งานยังไม่เสร็จ,งานเสร็จก่อนเวลา เคลียร์ออกได้,Evening
7:00:00 PM,เลิกงาน,เหงา,ได้พักผ่อน,Evening
7:00:00 PM,พักผ่อน,รู้สึกทำตัวไม่มีสาระ,สบายใจ,Evening
7:00:00 PM,Have dinner,,gain energy,Evening
7:00:00 PM,ซื้ออาหารที่ตลาดนัดเมเจอร์,อาหารแพง,ได้ซื้ออาหารถูกขึ้นเพราะมีร้านที่ใช้คนละครึ่งได้,Evening
7:00:00 PM,ทำงานที่ค้างจาก office,เครียด จริงจัง,งานเสร็จตามกำหนด,Evening
7:00:00 PM,"Relaxing time (Netflix, Vie, iQiYi)",Feeling guilty for spending too much time on series instead of spend time on study online material courses,Relax and rest my mind,Evening
7:00:00 PM,เล่นโทรศัพท์ กินขนม พักผ่อน,,ผ่อนคลาย,Evening
7:00:00 PM,ทำอาหารเย็น,ไม่ค่อยอยากทำ เหนื่อย,,Evening
7:00:00 PM,ทำอาหารเย็น,ไม่ค่อยอยากทำ เหนื่อย,,Evening
7:00:00 PM,ทำงาน,แก้งานจุดเดิมเพิ่ม,สนุกที่ได้ทำงานต่างๆ,Evening
7:00:00 PM,กินข้าวเย็น,กับข้าวซ้ำ,ได้กินข้าวพร้อมครอบครัว,Evening
7:00:00 PM,ถึง BTS,คนแน่น,กะเวลาได้,Evening
7:00:00 PM,กินข้าวเย็น,หิว,ท้องอิ่ม,Evening
7:00:00 PM,Arrive at home,,,Evening
7:00:00 PM,วิ่งสวนสาธารณะ,เหนื่อยง่าย,สุขภาพดีขึ้น,Evening
7:00:00 PM,Dinner,Take time for good meals,,Evening
7:00:00 PM,Dinner,,Feeling full,Evening
7:00:00 PM,ทำการบ้าน ป.โท,เหนื่อย ยาก,ได้ความรู้,Evening
7:00:00 PM,กินข้าวเย็น,,"อิ่ม,อร่อย,อารมณ์ดี",Evening
7:00:00 PM,เดินทางไปทานข้าวเย็น,"ขี้เกียจขับรถ, รถติด",เปลี่ยนบรรยากาศ,Evening
7:00:00 PM,สวดมนต์,,สงบ,Evening
7:00:00 PM,Fitness,Tired,Burn calories,Evening
7:15:00 PM,ประชุมสรุปงานประจำวัน,เวลากระชั้นก่อนเลิกงานแค่ 15 นาที,รู้ความคืบหน้าและปัญหาในแต่ละวัน,Evening
7:15:00 PM,Take a shower,,Cleaned up my body,Evening
7:20:00 PM,เปลี่ยนชุดออกกำลังกายที่คอนโด,ถ้าชุดไม่พร้อมจะทำให้ออกกำลังกายไม่สะดวก,ออกกำลังกายได้เต็มที่,Evening
7:30:00 PM,เปิดคอมทำงาน เล่นเน็ต,-,ได้ทำงานเพิ่มอีกหน่อย/ผ่อนคลาย,Evening
7:30:00 PM,ขับรถกลับ,,มีเพื่อนนั่งด้วย ไม่เหงา,Evening
7:30:00 PM,เลิกงาน,ยังคิดเกี่ยวกับปัญหางานที่ค้างอยู่,ออกจาก office กลับบ้านได้,Evening
7:30:00 PM,เดินทางด้วย BTS กลับบ้าน,ราคาสูง,เดินทางสะดวกสบาย,Evening
7:30:00 PM,กินข้าวเย็น,หิว,อิ่ม,Evening
7:30:00 PM,กินข้าวเย็น,"รู้สึกจุก,อาหารย่อยยาก,ไม่รู้จะกินอะไร","อิ่มท้อง ,หายหิว",Evening
7:30:00 PM,วิ่งรอบคอนโด,อ้วนขึ้นเพราะกินเยอะ,ทำให้น้ำหนักลดลง,Evening
7:30:00 PM,Have dinner,- Take too much meal and become fatty since no time for exercise,- Deserve self satisfaction after a lot of work,Evening
7:30:00 PM,เปลี่ยนสาย BTS ,คนแน่น,กะเวลาได้,Evening
7:30:00 PM,เดินทางกลับบ้าน,,ถึงบ้าน ,Evening
7:30:00 PM,ดู Netflix,มีการงานต้องทำแต่ขี้เกียจ,ได้ความบันเทิง,Evening
7:30:00 PM,Dinner,,Eat the special menu by mom cooking,Evening
7:30:00 PM,Watch & Listen,Favorites must wait for next week,Same story and rythm with family,Evening
7:30:00 PM,เล่น Facebook,ยืนนาน เฝ้าตู้อบเพื่อดูสีของขนม เสียเวลาในการเฝ้าไปโดยเปล่าประโยชน์,สร้างรายได้เสริม สร้างภาพพจน์บน Social,Evening
7:30:00 PM,อาบน้ำ,อ่อนเพลีย ง่วง,สดชื่น,Evening
7:30:00 PM,ถึงบ้าน,,ได้พักผ่อน,Evening
7:30:00 PM,เลิกงาน,หิว,งานเสร็จ,Evening
7:30:00 PM,ออกจากบ้าน ขับรถไปสนามฟุตบอล,เลิกดึก ทำให้เข้านอนดึก นอนไม่พอ,"สดชื่น, อารมณ์ดี, สนุกกับการออกกำลังกายเล่นฟุตบอล ได้เจอเพื่อน",Evening
7:30:00 PM,ไปออกกำลัง,กลัวติด covid,ได้สุขภาพที่ดี หุ่นดี,Evening
7:30:00 PM,ทานส้มตำ,แพง,อร่อย,Evening
7:30:00 PM,กินข้าวเย็น,,"อร่อย,สนุกกับการเลือกอาหาร",Evening
7:30:00 PM,เลิกงาน สแกนนิ้ว,นิ้วเปื้อน,กลับห้อง,Evening
7:30:00 PM,กินของหวานต่อ,อ้วน,,Evening
7:30:00 PM,ว่ายน้ำ,เหนื่อย ใช้แรงเยอะ,ได้ออกกำลังกาย ลดน้ำหนัก,Evening
7:45:00 PM,ถึงบ้าน เก็บของ อาบน้ำ,,สดชื่น พร้อมนอน,Evening
7:45:00 PM,เล่นหุ้น,ปวดตาจากการจ้องจอทั้งวัน,อาจจะมีกำไรส่วนต่างไปเป็นค่าบุฟเฟ่,Evening
7:50:00 PM,ลงจากรถตู้,,,Evening
7:50:00 PM,ถึงห้อง,เข้าสู่โหมดขี้เกียจ,ได้พักผ่อน,Evening
8:00:00 PM,ออกกำลังกาย,เหนื่อย ท้อแท้,ร่างกายแข็งแรง รู้สึกผิดจากการกินลดลง,Night
8:00:00 PM,กินมื้อเย็น โปรตีนเวย์,ไม่อร่อย ยังหิวอยู่,ได้สุขภาพ น้ำหนักไม่ขึ้น,Night
8:00:00 PM,กินอาหารเย็น,อาหารเดิมๆ ซ้ำๆ,อิ่มท้อง,Night
8:00:00 PM,เดินทางกลับบ้าน,รถติดระหว่างเดินทาง,ถึงบ้าน,Night
8:00:00 PM,Have dinner nearby,Tend to be a big meal with the most calories. Not good for health.,Finding something fancy to eat to release stress,Night
8:00:00 PM,ทำ IS,ไม่ชอบงานวิจัยยยยยยยยยยยยยยยยยย,จะได้จบแล้วววววววววววววววววว,Night
8:00:00 PM,เล่นเกมส์ Among Us,"แพ้บ่อย,โดนบัพ,หัวร้อน","สนุกได้เล่นกับเพื่อน,ผ่อนคลาย",Night
8:00:00 PM,Learn E-learning,,gain more knowledge,Night
8:00:00 PM,กินข้าวบนห้อง,แถวที่กินที่นั่งเต็ม,กินบนห้องทำให้สะดวกขึ้นกับการทำกิจกรรมอย่างอื่นไปด้วย,Night
8:00:00 PM,อาบน้ำ,,,Night
8:00:00 PM,กลับคอนโด,อยากนอน,ได้พักผ่อนก่อนจะทำสิ่งต่างๆต่อ,Night
8:00:00 PM,แวะกินข้าว,เหนื่อย กินดึก อ้วน,อิ่ม,Night
8:00:00 PM,รับประทานอาหารเย็น,,รสชาติอาหารอร่อย ได้รับคำชม,Night
8:00:00 PM,รับประทานอาหารเย็น,,รสชาติอาหารอร่อย ได้รับคำชม,Night
8:00:00 PM,ดู Netflix,รู้สึกผิดที่ยังไม่ทำการบ้าน,สนุก enjoy,Night
8:00:00 PM,ถึง BTS สถานีปลายทาง,คนแน่น,กะเวลาได้,Night
8:00:00 PM,เล่นเกมส์,,มีเวลากับเพื่อนๆ,Night
8:00:00 PM,Play ROV with friend,,Relax with the game,Night
8:00:00 PM,อาบน้ำ,ยังไม่หายเหนื่อยจากออกกำลังกาย,ร่างกายสะอาด สดชื่น,Night
8:00:00 PM,Read Textbook,Difficult subject makes me despondent,,Night
8:00:00 PM,Shower,Lazy to shower but needed to,Cleaned and ready for bed,Night
8:00:00 PM,ทำการบ้าน ป.โท ต่อ,เหนื่อย ขี้เกียจ,ได้ความรู้,Night
8:00:00 PM,กินอาหารเย็น,อยากสั่งไลน์แมน แม่ไม่ให้สั่งมีกับข้าวแล้ว,อิ่ม ไม่เสียเงิน,Night
8:00:00 PM,กินข้าว,ต้องขับรถ,ได้ atmosphere + ได้ลุกก้นไม่ชา,Night
8:00:00 PM,เดินทางกลับบ้าน,"ขี้เกียจขับรถ, รถติด",-,Night
8:00:00 PM,Wait bus to come back,waiting bus with many strangers,save cost,Night
8:00:00 PM,"เล่น Social,อ่านบทความ",,ได้ความรู้,Night
8:10:00 PM,อาบน้ำ,หนาว ขี้เกียจ,สะอาด สดชื่น,Night
8:10:00 PM,ทานมื้อเย็น,มีร้านให้เลือกน้อย,ได้อาหารเร็ว ราคาย่อมเยาว์,Night
8:15:00 PM,เล่นโทรศัพท์มือถือ เล่น Facebook อ่านหนังสือการ์ตูน,รู้สึกผิด การบ้านยังไม่เสร็จ,สนุก,Night
8:15:00 PM,อาบน้ำ,ขี้เกียจ อยากนอน,ร่างกายสะอาดสะอ้าน,Night
8:20:00 PM,เดินไปที่ตู้เย็น หานมดื่ม,ท้องร้อง หิวหลังออกกำลังกาย,อิ่มท้อง,Night
8:30:00 PM,พูดคุยกับที่บ้าน,โดนบ่น,ได้รู้เรื่องคนอื่นๆ สร้างความสัมพันธ์,Night
8:30:00 PM,ดู Netflix,เสียค่ารายเดือน,ได้ผ่อนคลาย สนุก,Night
8:30:00 PM,ขับรถกลับบ้าน,เสียเวลาขับรถ,ได้กลับบ้าน,Night
8:30:00 PM,ทำการบ้านปริญญาโท,การบ้านไม่เสร็จ,การบ้านเสร็จทันเวลา,Night
8:30:00 PM,ตื่นมาคุยการบ้าน,เพื่อนติดปัญหาการบ้าน,เพื่อนทำการบ้านเสร็จ,Night
8:30:00 PM,ทำการบ้าน,ขี้เกียจ อยากนอน,ได้เคลียร์งานตามหน้าที่และความรับผิดชอบ,Night
8:30:00 PM,นั่งแท๊กซี่กลับบ้าน,เปลืองเงิน,เดินทางถึงบ้านเร็วสะดวก,Night
8:30:00 PM,พักผ่อน,ไม่ค่อยให้มีไรทำ,รู้สึกผ่อนคลาย,Night
8:30:00 PM,ทานข้าวเย็น,หิว,อิ่ม,Night
8:30:00 PM,ขึ้นรถกลับบ้าน,อยากนอน,ฟังเพลงระหว่างเดินทาง,Night
8:30:00 PM,Bathing,A lot of drain,Relax body and mind,Night
8:30:00 PM,เล่น social หาเพลงที่ชอบฟัง,หาอะไรทำแก้เบื่อ บิ้วตัวเองก่อนทำการบ้าน,อารมณ์ดี มีแรงทำการบ้าน,Night
8:30:00 PM,ดูหนัง,เสียเวลาหาหนังสนุก ๆ,"ได้หัวเราะ,มีเวลากับครอบครัว",Night
8:30:00 PM,Drive a car to home,Bad traffic and less vision,Safty arrive,Night
8:30:00 PM,ขับรถกลับบ้าน,,รถไม่ติด ขับสบาย,Night
8:30:00 PM,อาบน้ำ,หนาว ทำให้ผิวแห้ง,สดชื่น สะอาด,Night
8:40:00 PM,อาบน้ำ,-,สดชื่น,Night
8:40:00 PM,เล่น Social IG FB,มือถือแบตหมด,ได้ความเพลิดเพลิน,Night
8:45:00 PM,ถึงบ้านล็อกบ้าน,เสียเวลาในการตรวจว่าบ้านล็อก,ป้องกันโจร,Night
9:00:00 PM,อาบน้ำ + แปรงฟัน,ขี้เกียจ,ร่างกายสะอาด,Night
9:00:00 PM,อาบน้ำ,รู้สึกเหนียวตัว สกปรก,รู้สึกสดชื่น สะอาด,Night
9:00:00 PM,อาบน้ำ,,สดชื่น+สะอาด,Night
9:00:00 PM,Play time (Games or Netflix),Feeling guilty. There's a better choice to spend the time slot like studying an online course or exercise,Entertainment,Night
9:00:00 PM,อาบน้ำ,หนาว,สดชื่น พร้อมอ่านหนังสือ,Night
9:00:00 PM,กินข้าวเย็น,,อิ่มมีความสุข,Night
9:00:00 PM,อ่านหนังสือ,"รู้สึกเกิดกิเลศ
อยากพักผ่อน 
อยากดู Youtube",ได้รับความรู้,Night
9:00:00 PM,กลับบ้าน,ง่วงนอน,ถึงบ้าน,Night
9:00:00 PM,อาบน้ำ,อากาศเย็น ไม่อยากอาบน้ำ,,Night
9:00:00 PM,อาบน้ำ,อากาศเย็น ไม่อยากอาบน้ำ,,Night
9:00:00 PM,อาบน้ำ,หนาว,รู้สึกสะอาด สดชื่น,Night
9:00:00 PM,เล่นFacebook,,รู้สึกดี ได้รู้ชีวิตเพื่อนๆ,Night
9:00:00 PM,แวะกินข้าวเย็นก่อนถึงบ้าน,,,Night
9:00:00 PM,แปรงฟัน/ อาบน้ำ,ไม่สดชื่น,สะอาด สดชื่น ,Night
9:00:00 PM,เล่นเกม,มีการงานต้องทำแต่ขี้เกียจ,ได้ความบันเทิง,Night
9:00:00 PM,อาบน้ำ,หนาว ผิวแห้ง ,สดชื่นและสะอาด,Night
9:00:00 PM,Watch netfix,,Relax with the movie,Night
9:00:00 PM,Read a book,Not enough time to summarize,More deep understanding,Night
9:00:00 PM,อาบน้ำ,หนาว,สดชื่น,Night
9:00:00 PM,Talking to flings,Very sleepy but need to keep him entertain and feel loved,,Night
9:00:00 PM,หาขนม ของหวานมากิน,หิวขนม,อิ่มขนม,Night
9:00:00 PM,นอนเล่นมือถือ,เสียเวลา,เช็คงาน เช็คไลน์ เล่นเกม,Night
9:00:00 PM,เล่นเกม,ปวดนิ้ว ปวดตา,ได้ความสนุกและผ่อนคลายสมอง,Night
9:00:00 PM,อ่านหนังสือ + ทำการบ้าน,ขี้เกียจอ่าน,ได้ความรู้,Night
9:00:00 PM,"Watch ""The Wall Song"" tv programme",eyestrain,fun and entertainment,Night
9:00:00 PM,อาบน้ำ,หนาว ไม่อยากอาบ,ผ่อนคลาย สะอาด,Night
9:10:00 PM,ถึงบ้าน,,,Night
9:15:00 PM,ถึงบ้าน,,,Night
9:20:00 PM,ลงรถไฟฟ้า,เดินไกล,ซื้ออาหารเย็นระหว่างทางเดินไปคอนโด,Night
9:20:00 PM,อาบน้ำ,ต้องอาบ เพราะกลัวเชื้อโรค,,Night
9:25:00 PM,อาบน้ำ,อากาศหนาว ไม่อยากอาบน้ำ,ร่างกายสะอาด,Night
9:30:00 PM,ทาครีมบำรุง,ครีมหลายชั้นใช้เวลา เครื่องแต่งกายใช้เวลา,ผิวดี ปากไม่แห้ง,Night
9:30:00 PM,นั่งคุยกับพี่สาว เล่นกับแมว,รู้สึกเครียดจากงาน,ได้มีปฏิสัมพันธ์กับครอบครัวและแมว ได้ระบายความเบื่อ แมวไม่เหงา,Night
9:30:00 PM,เล่นอินเตอร์เน็ท,กลัวตกเทรนด์,ได้ความรู้ใหม่ๆ,Night
9:30:00 PM,อาบน้ำ,น้ำเย็น,สดชื่่น สะอาด รู้สึกผ่อนคลาย,Night
9:30:00 PM,อ่านหนังสือ+ทำการบ้าน,"เริ่มง่วง,ชอบสมาธิหลุด","เสร็จการบ้านทันเวลา,เพิ่มความรู้",Night
9:30:00 PM,อาบน้ำ,หนาว,ทำความสะอาดร่างกาย,Night
9:30:00 PM,เล่นเกมและคุยกับเพื่อน,ปวดคอ บ่า ไหล่ นั่งเล่นเกมนาน,สนุก เพลิดเพลิน ผ่อนคลาย,Night
9:30:00 PM,Take a bath,,,Night
9:30:00 PM,แวะกินข้าวเย็น,เลือกร้านไม่ได้,อิ่ม,Night
9:30:00 PM,เล่นเกมส์,อยากเล่นต่อ,ผ่อนคลาย,Night
9:30:00 PM,ดู youtube/ netflix,,สนุกสนาน ผ่อนคลาย,Night
9:30:00 PM,ดู youtube/ netflix,ไม่รู้จะเลือกดูอะไรดี,สนุก สบายใจ,Night
9:30:00 PM,กินอาหารเย็นเบาๆ,หิว,ไม่หิวก่อนนอน,Night
9:30:00 PM,Plan tomorrow tasks,Lost some information,Summarize  important and todos,Night
9:30:00 PM,ทำการบ้าน ป.โท,ขี้เกียจทำการบ้าน ใช้เวลานาน ง่วง,การบ้านเสร็จทันเวลา,Night
9:30:00 PM,ทาครีม,ขี้เกียจรอครีมซึม  ทั้งที่ซื้อมาหลายตัว หลาย Step,รู้สึกดีที่ผิวได้รับการบำรุง,Night
9:30:00 PM,กลับห้อง,เบื่อไม่มีออะไรทำ,ได้พักผ่อน,Night
9:30:00 PM,Take a shower,Concentrate body washing,Get clean,Night
9:30:00 PM,ทำการบ้าน,ขี้เกียจ คิดไม่ออก,การบ้านเสร็จ ได้คะแนน,Night
9:30:00 PM,ดู Netflix ,ติดซีรีย์ ใช้เวลาเยอะ,ดูหนังหลากหลายที่บ้าน ,Night
9:40:00 PM,ดู Series,ดูแล้วติดยาว ง่วงแต่อยากดูให้จบ,สนุก คลายเครียด เบาสมอง,Night
9:45:00 PM,นอนเล่นโทรศัพท์ / ดูทีวี (netflix),ไม่รู้จะดูอะไร,ผ่อนคลาย,Night
9:45:00 PM,Take a shower,,clean,Night
9:50:00 PM,นั่งทำงาน/การบ้าน,ง่วงนอน ขี้เกียจ,ได้ทบทวนสิ่งที่เรียน,Night
10:00:00 PM,ดู Netflix,ติดซีรีย์ เสียเวลานอน,สนุกสนาน ผ่อนคลาย,Night
10:00:00 PM,นอน,,ได้พักผ่อน,Night
10:00:00 PM,"เวลาผ่อนคลาย ดู youtube, อ่านนิยาย, social",รู้สึกเครียดจากงาน,ผ่อนคลาย มีความสุข รู้เหตุการณ์ที่เกิดขึ้นในวันนี้มีอะไรบ้าง,Night
10:00:00 PM,เล่นเกม Harvest Moon,นั่งเล่นนานลืมเวลา ปวดหลัง ปวดแขน,สนุก คลายเครียด เบาสมอง,Night
10:00:00 PM,นอนอ่านหนังสือ,ทำให้ง่วงนอนง่าย,ได้ความรู้เพิ่มเติม,Night
10:00:00 PM,Call girl friend,,"relax, share, plan",Night
10:00:00 PM,ทำการบ้าน,ขี้เกียจ,การบ้านเสร็จ,Night
10:00:00 PM,อาบน้ำ,เหงื่อเต็มตัว ทำให้ไม่สบายตัว,ตัวสะอาดและสบายตัว,Night
10:00:00 PM,อ่านหนังสือ,อ่านไม่รู้เรื่อง ท้อและง่วงก่อน,ทบทวนความเข้าใจและสิ่งที่เรียนรู้,Night
10:00:00 PM,Do BADS homework/project,Feeling tired,Gain more knowledge,Night
10:00:00 PM,อ่านหนังสือ,รู้สึกเครียด,ได้รับความรู้,Night
10:00:00 PM,อ่านหนังสือเตรียมสอบ Compre,ขี้เกียจ อยากนอน,เพิ่มพูนความรู้เผื่อจะมีอะไรไปสอบ,Night
10:00:00 PM,ทำการบ้าน อ่านหนังสือ,การบ้านยาก,ได้มีโอกาสเรียนรู้เพิ่มเติม จาก internet ,Night
10:00:00 PM,ทำการบ้าน อ่านหนังสือ,การบ้านยาก,ได้มีโอกาสเรียนรู้เพิ่มเติม จาก internet ,Night
10:00:00 PM,Go to bed,"- Sometimes sleep late due to doing any activities 
- less sleeping time",,Night
10:00:00 PM,Self Learning,เวลาไม่เข้าใจ ขาดคนแนะนำ,ได้พัฒนาตัวเอง,Night
10:00:00 PM,ถึงบ้าน,รู้สึกเหนื่อยจากการเที่ยวทั้งวัน,ทำให้นอนหลับง่าย,Night
10:00:00 PM,อาบน้ำ,น้ำเย็น,รู้สึกผ่อนคลาย,Night
10:00:00 PM,อ่านหนังสือ,ขี้เกียจอ่าน อยากทำอย่างอื่น,ได้ความรู้ใหม่ เรียนรู้เรื่องใหม่,Night
10:00:00 PM,อาบน้ำ,เหม็นเหงื่อและสิ่งสกปรก,ผ่อนคลาย ตัวหอมและสดชื่น,Night
10:00:00 PM,Sleep to deep,More hours for freshy in morning,No dream better organization,Night
10:00:00 PM,Play ROV,,Happy,Night
10:00:00 PM,เดินทางกลับบ้าน ฟังเพลงด้วย,เหนื่อย ต้องเดินขึ้นลงบันได BTS รอรถไฟ,ผ่อนคลาย เพลิดเพลิน,Night
10:00:00 PM,แปรงฟัน,เริ่มง่วง,สดชื่นขึ้น,Night
10:00:00 PM,อาบน้ำ,,"สะอาด,สดชื่น",Night
10:00:00 PM,อาบน้ำ,เพลียจากการออกกำลัง ขี้เกียจ,ร่างกายสะอาด พร้อมนอน,Night
10:00:00 PM,ทำการบ้าน,ง่วง,,Night
10:00:00 PM,Gaming on computer,Wasted time,Entertaining,Night
10:00:00 PM,นอนเล่นโทรศัพท์ ดูทีวี,อ่านข่าวการเมืองแล้วปวดหัว,ดูnetflix สนุก,Night
10:20:00 PM,แต่งตัว,ช่วงนี้อากาศหนาว,ร่างกายอบอุ่นขึ้น,Night
10:30:00 PM,ดูทีวี,รู้สึกเสียเวลา,ได้พักผ่อน,Night
10:30:00 PM,Take a bath,,,Night
10:30:00 PM,อาบน้่ำ,,เตรียมนอน,Night
10:30:00 PM,research หาความรู้เพิ่มเติม,เรียนป.โทแล้วมีจุดที่ยังไม่เข้าใจ,เข้าใจมากขึ้นเมื่อเอามาประกอบกับเนื้อหาที่เรียน,Night
10:30:00 PM,อ่านการ์ตูน,,มีความสุข,Night
10:30:00 PM,นอน,หลับยาก,ได้ผ่อนคลาย,Night
10:30:00 PM,เป่าผม,หัวเปียก,ดูแลสุขภาพผม,Night
10:30:00 PM,นั่งดูข่าว,ง่วง แต่ยังไม่อยากนอน,ได้อัพเดตข่าวสารบ้านเมือง,Night
10:30:00 PM,อาบน้ำ,หนาว,สะอาดสดชื่น ตื่นเต็มที่,Night
10:30:00 PM,ทำการบ้าน,ง่วง อยากนอน แต่ต้องนอนดึกเพื่ออนาคต,ได้ความรู้ ,Night
10:30:00 PM,Line voice call with close friend,,feel relax,Night
10:30:00 PM,ดูหนัง,เปลืองเวลา,ผ่อนคลาย,Night
10:40:00 PM,ดูซีรีย์,เหนื่อยมาทั้งวัน,ผ่อนคลาย คุยกับเพื่อนรู้เรื่อง,Night
11:00:00 PM,ทำการบ้าน ,ทำไม่ได้ ไม่เข้าใจ เครียด,ได้ความรู้เพิ่ม / การบ้านเสร็จ,Night
11:00:00 PM,ปิดไฟนอนหลับ,ขี้เกียจลุก,นอน,Night
11:00:00 PM,Go to sleep,,,Night
11:00:00 PM,นอน,,นอนหลับ,Night
11:00:00 PM,Go to bed,,get rest,Night
11:00:00 PM,อาบน้ำ,อากาศเย็น,สดชื่น,Night
11:00:00 PM,อ่านหนังสือ,,ได้รับความรู้,Night
11:00:00 PM,พักดู youtube,ทำให้นอนดึก,คลายเครียด,Night
11:00:00 PM,ดู youtube,ยังมี ep อื่นต่อ,สนุก ผ่อนคลายพักผ่อน,Night
11:00:00 PM,ดู youtube,ยังมี ep อื่นต่อ,สนุก ผ่อนคลายพักผ่อน,Night
11:00:00 PM,นอน,คิดถึงว่าพรุ่งนี้จะทำอะไร,ได้พักผ่อน,Night
11:00:00 PM,อาบน้ำ แปรงฟัน,,,Night
11:00:00 PM,ทำการบ้าน,ไม่ค่อยเข้าใจ ,ศึกษาเพิ่มเติม/ การบ้านเสร็จ ,Night
11:00:00 PM,Sleep,,Feel peaceful,Night
11:00:00 PM,คุยเล่นกับคนในครอบครัว,เวลานอนลดน้อยลง,ได้อัพเดตชีวิตของคนในครอบครัว,Night
11:00:00 PM,Bed time,,Energy recharged,Night
11:00:00 PM,เข้านอน,อ่อนเพลีย ง่วง,พักผ่อน,Night
11:00:00 PM,ทาครีม,ทาครีมเยอะแต่ยังไม่เห็นผล,ได้ทาครีมบำรุงไว้เผื่อซักวันจะผิวดีขึ้น,Night
11:00:00 PM,ดู YouTube,Ads เยอะแต่ก็งกค่า Premium,ผ่อนคลายสายตาและสมอง,Night
11:00:00 PM,Go to bed,,"Get rest, boost energy",Night
11:15:00 PM,เข้า youtube หาอะไรเรียนเพิ่ม,เริ่มง่วงนอน ขี้เกียจ,ได้ความรู้เพิ่มเติม,Night
11:30:00 PM,เข้านอน,ไม่อยากนอน,ได้นอนหลับพักผ่อน,Night
11:30:00 PM,เล่นมือถือ ดู social ดูหนังฟังเพลง,แสงจากจอมือถือเข้าตาแล้วแสบตา,สนุก เพลิดเพลิน ผ่อนคลาย,Night
11:30:00 PM,อาบน้ำ,เหนื่อย,สะอาด,Night
11:30:00 PM,เรียนคอร์สออนไลน์,ตามโลกการทำงานไม่ทัน,พัฒนาตนเอง,Night
11:30:00 PM,สวดมนต์ และเข้านอน,ง่วงนอน ไม่อยากตื่นไปทำงานสาย,นอนหลับเต็มที่ ตื่นไปทำงานทัน,Night
11:30:00 PM,เปิดผีฟัง,กลัว,นอนหลับ,Night
11:40:00 PM,เข้านอน,ง่วงและ เหนื่อย,พักผ่อน,Night
11:45:00 PM,เล่นเกมมือถือ,เครียดมาทั้งวันทั้งงานที่ออฟฟิศและงานป.โท,รู้สึกผ่อนคลายมากขึ้น,Night
11:59:00 PM,เข้านอน,,ได้พักผ่อน,Night
11:59:00 PM,เข้านอน,,ได้พักผ่อน,Night
12:00:00 AM,Go to sleep,,,Night
12:00:00 AM,นอน,ไม่อยากนอนแต่ต้องนอน,ร่างกายได้พักผ่อน ,Night
12:00:00 AM,Bed time,,Rest,Night
12:00:00 AM,นอน,,นอนหลับสนิทมาก เพราะเหนื่อย,Night
12:00:00 AM,นอน,-,พักผ่อน,Night
12:00:00 AM,Sleep,Less sleep quality,Recovering,Night
1:00:00 AM,นอน,เหนื่อยล้า ง่วง,ได้รับการพักผ่อน,Night
12:00:00 AM,นอน,,พักผ่อน,Night
12:00:00 AM,นอน,,พักผ่อน,Night
7:12:00 AM,ตื่นนอน,อยากนอนต่อ,ได้ไปทำงาน,Night
8:24:00 AM,อาบน้ำ,หนาว,สดชื่น,Night
12:00:00 AM,ตื่นนอน,ง่วงนอน,ได้เริ่มต้นชีวิตของวันใหม่,Night
12:00:00 AM,ทานข้าวเช้า,ยังไม่หิว,อิ่ม,Night
12:00:00 AM,ตื่นนอน,ง่วงนอน ไม่อยากลุกจากเตียง,,Night
1:12:00 AM,นั่งสมาธิ,ง่วงนอน,รู้สึกสบายใจ สมองปลอดโปร่ง,Night
3:36:00 AM,เดินทางไปทำงานด้วยรถตู้,เสี่ยงติดโรค,ได้นอนต่อ,Night
3:36:00 AM,ขับรถไปบ้านย่า,,,Night
6:00:00 AM,ตื่นนอน,นอนไม่เต็มอิ่ม ไม่ครบ 8 ชั่วโมง,ได้เวลาในวันเพิ่มมากขึ้น,Night
7:12:00 AM,ตื่นนอน อาบน้ำ แปรงฟัน,ง่วง,ตื่นเช้า ประปรี้ประเปร่า,Night
7:12:00 AM,แปรงฟันและอาบน้ำ,ต้องรีบแปรงฟันเพื่อจะไม่สาย,ฟันสะอาด,Night
9:36:00 AM,ตักบาตร,,เพื่อความสบายใจ,Night
12:00:00 AM,ชั่งน้ำหนัก,กลัวน้ำหนักขึ้น,สามารถประเมินได้ว่าควรกินอย่างไร,Night
12:00:00 AM,ถึงที่ทำงาน ,ไม่อยากทำงาน,ได้นอนต่อ,Night
12:00:00 AM,ออกกำลังกายแบบ Cardio,เหนื่อย,หุ่นปัง,Night
1:12:00 AM,แต่งตัวไปทำงาน,ห่วงว่าน้ำหนักขึ้นจะทำให้ใส่เสื้อไม่ได้,รู้สีกว่าดูดี,Night
3:36:00 AM,เดินทางไปทำงาน,กังวลเรื่องงาน,ได้วางแผนการทำงานของวันนี้,Night
3:36:00 AM,ตื่นนอน,ง่วงมากไม่อยากลุก,,Night
7:00:00 AM,Wake up,be sleepy,,Night
7:12:00 AM,ขับรถไปทำงาน,รถติด,กินข้าวฟังเพลงบนรถ,Night
7:12:00 AM,ตื่นนอน,ไม่อยากลุก กลิ้งอยู่บนเตียงจนแปดโมง,,Night
8:00:00 AM,Take a shower,Lazy,,Night
8:15:00 AM,Breakfast,Hungry,Full,Night
8:30:00 AM,Pick up friend,Waste oil,Come together,Night
8:45:00 AM,Travel to coffee shop,,,Night
9:00:00 AM,On-line study,Lazy,Get new knowledge,Night
9:36:00 AM,กินข้าวเช้า,เบื่อรสชาดอาหารเดิมๆ,ควายความหิวได้,Night
9:36:00 AM,อาบน้ำแปรงฟัน,อากาศหนาวไม่อยากอาบน้ำ,ร่างกายตื่นสดชื่นขึ้น,Night
9:36:00 AM,อัดคลิปออกกำลังกาย,,ถ่ายรูปลง story facebook/IG,Night
10:00:00 AM,On-line study,Lazy,Get new knowledge,Night
11:00:00 AM,On-line study,Lazy,Get new knowledge,Night
12:00:00 PM,On-line study,Lazy,Get new knowledge,Night
1:00:00 PM,Make homework,Lazy,,Night
2:00:00 PM,Travel to Laksi condo,Traffic jam,,Night
2:15:00 PM,Travel to Laksi condo,Traffic jam,,Night
2:30:00 PM,Travel to Laksi condo,Traffic jam,,Night
2:45:00 PM,Take a lunch,Hungry,Full,Night
3:00:00 PM,Order grill duck,Waiting time,,Night
3:15:00 PM,Pick up order,,Delicious food,Night
3:45:00 PM,Travel to Home,,Meet family,Night
4:00:00 PM,Take a rest,,,Night
5:00:00 PM,Play football,Tried,Strong,Night
6:00:00 PM,Play football,Tried,Strong,Night
7:00:00 PM,Dinner Time,Hungry,Full,Night
7:30:00 PM,Take a shower,, Feel comfortable,Night
8:00:00 PM,Buy a beer,Waste oil,Full fill energy,Night
8:30:00 PM,"Prepare glasses, food",Lazy,,Night
9:00:00 PM,Watch football match spur vs Sheffield,Waiting time,Funny,Night
10:00:00 PM,Watch football match spur vs Sheffield,Waiting time,Funny,Night
11:00:00 PM,Watch football match ManU vs Liverpool,ManU not win,Funny,Night
12:00:00 AM,Watch football match ManU vs Liverpool,ManU not win,Funny,Insomnia
12:00:00 AM,แต่งหน้า,อากาศหนาวผิวแห้งต้องทาครีมเยอะทำให้ใช้เวลานาน,บำรุงผิวให้แข็งแรง,Insomnia
12:00:00 AM,ตื่นนอน,ง่วง ไม่อยากตื่นนอนตอนเช้า,,Insomnia
12:00:00 AM,อาบน้ำ แต่งตัว,ขี้เกียจแต่งตัว,แต่งเพื่อให้ตัวเองทีกำลังใจทำงาน,Insomnia
12:00:00 AM,อาบน้ำ,ถ้าไม่ตื่นจะสายแล้วเลยไปอาบน้ำ,,Insomnia
1:00:00 AM,Sleep,,Take a rest,Insomnia
1:12:00 AM,อาบน้ำแปรงฟัน,ไม่อยากอาบน้ำเพราะหนาว,สดชื่นสบายตัว,Insomnia
7:12:00 AM,ถึงที่ทำงาน,คล้ายจะขี้เกียจทำงาน,ได้ที่จอดรถในชั้นที่เดินเข้าตึกได้ง่าย,Morning
7:12:00 AM,เดินออกจากคอนโด,ระยะตัวตึกคอนโดถึงถนนค่อนข้างไกลทำให้เดินเหนื่อย,,Morning
7:12:00 AM,ทำงาน,ไม่อยากทำงาน,ได้เงิน,Morning
7:12:00 AM,กินข้าวเช้า,,,Morning
7:12:00 AM,แต่งหน้า,,,Morning
9:36:00 AM,ขึ้นรถเมล์ไปทำงาน,ร้อน คนเยอะ บางทีต้องยืน,ราคาไม่แพง และระยะเดินทางไม่ได้ไกลมาก,Morning
10:48:00 AM,เดินไปร้านกาแฟ,ช่วงเวลาคนเยอะ ต่อคิวนาน,"เจอคู่รักใหม่มาแอบจิบกาแฟ , ได้ฟังเรื่องชาวบ้านที่เค้ามาเม้ามอยกัน , นึกงานออก",Morning
10:48:00 AM,ทำงาน Work from home,ไม่อยากทำงาน เพราะขี้เกียจ,,Morning
12:00:00 PM,เดินออกจากคอนโด,,โชคดี คอนโดติด mrt เลยไม่ต้องเดินไกล,Noon
1:12:00 PM,ขึ้น mrt ไปทำงาน,,,Noon
12:00:00 AM,ถึงออฟฟิตซื้อกาแฟ,ถ้าไม่กินรู้สึกง่วงนอน เพราะติดแล้ว,,Noon
12:00:00 AM,เดินไปเก็บผ้าที่ตากไว้,ไม่อยากออกไปเก็บเพราะแดดร้อน,เสื้อผ้าถูกเก็บเป็นระเบียบ,Noon
12:00:00 AM,เริ่มทำงานประจำที่รัก,ขี้เกียจทำงาน,,Noon
2:24:00 AM,กินข้าวเช้าที่โรงอาหารบริษัท,เมนูเดิมๆวนไปวนมา ,ราคาถูกมากกก ข้าวฟรีด้วย,Afternoon
3:36:00 AM,ทำงาน Work from home,ใช้สมองเยอะเพราะต้องคิดงาน,งานถูกวางแผน,Afternoon
7:12:00 AM,ประชุมกับผู้บริหาร,หาข้อสรุปไม่ได้,ทุกคนมีข้อเสนอแนะเยอะมาก,Morning
7:12:00 AM,เริ่มทำงาน,,,Morning
7:12:00 AM,ถึงออฟฟิต,,,Morning
8:24:00 AM,ซื้อกาแฟ,ถ้าไม่กินรู้สึกง่วงนอน เพราะติดแล้ว,,Morning
10:48:00 AM,เช็คอีเมล วางแผนงานที่จะทำ,,,Morning
12:00:00 AM,ประชุมกับผู้บริหาร,ต้องอธิบายงานให้ผู้บริหารฟัง,ผู้บริหารได้เห็นผลงานของเรา,Noon
12:00:00 AM,ประชุม,,,Noon
7:12:00 AM,ประชุม,ห้องประชุมอยู่ตึกรวมต้องเดินข้ามตึก โดนแดด,ได้ลุกเดินบ้างไม่งั้นจะนั่งอยู่ที่โต๊ะตลอด,Morning
7:12:00 AM,คั้นน้ำส้ม ทำ Black orange coffee,,สดชื่น มีแรงทำงาน,Morning
12:00:00 AM,ทำงาน(ต่อ),,,Insomnia
7:12:00 AM,ประชุมเลิก กลับมาที่โต๊ะทำงาน,เริ่มหิว,ประชุมกลุ่มย่อย หาร้านกินข้าวกลางวัน,Morning
9:36:00 AM,ออกไปทานข้าวกลางวัน,อิ่มเกินไป,"ได้กินของอร่อย , ได้ข้อสรุปงานที่คิดไม่ออกเมื่อวันก่อน",Morning
12:00:00 AM,กินข้างเที่ยง,เบื่อรสชาดอาหารเดิมๆ,ควายความหิวได้,Noon
12:00:00 AM,ออกไปกินข้าวใต้คอนโด,ต้องเจอฝุ่น PM2.5,ได้กินอาหารตามสั่งที่อยากกิน,Noon
12:00:00 AM,ทานข้าวกลางวัน,ร้อน,อิ่ม,Noon
12:00:00 AM,ทำกับข้าว,ไม่อยากกินคลีน ไม่อร่อย,"Low sodium,sugar",Noon
12:00:00 AM,ไปกินข้าวที่ foodcourt,มีร้านให้เลือกน้อยลง เพราะโควิด คนเข้าออฟฟิตน้อย,,Noon
7:12:00 AM,กินข้าวกลางวันที่โรงอาหารบริษัท,เมนูเดิมๆวนไปวนมา มีให้เลือกน้อย,ราคาถูกมากกก ข้าวฟรีด้วย,Noon
7:12:00 AM,กินข้าวกลางวัน,,,Noon
9:36:00 AM,ไปเซเว่น ซื้อน้ำยันฮี ,อยากกินน้ำหวาน แต่กลัวน้ำตาลเกิน,ซื้อน้ำวิตามินแทน เพราะอย่างน้อยก็มีกลิ่น,Morning
12:00:00 PM,ล้างจาน,,,Noon
12:00:00 AM,เริ่มทำงาน,เบื่อที่เห็นงานค้าง,ได้จักการงานที่ค้างของเมื่อวานให้เสร็จ,Noon
12:00:00 AM,ทำงาน,ไม่อยากทำงาน,ได้เงิน,Noon
12:00:00 AM,เริ่มงานช่วงบ่าย,,,Noon
12:00:00 AM,ทำงาน,,,Noon
3:36:00 AM,ทำงาน,กินเยอะ เริ่มง่วง,ได้งานแน่นอน,Afternoon
7:12:00 AM,ซื้อน้ำผลไม้ปั่น,ใส่น้ำเชือม น้ำตาลเยอะ อ้วน,จะได้สดชื่นไม่ง่วงตอนบ่าย,Morning
12:00:00 AM,ประชุมกับหน่วยาน,หาข้อสรุปไม่ได้,บริษัทจ้างมาประชุม อย่างน้อยก็มีงานทำ,Noon
12:00:00 AM,ทำงาน,ใช้สมองเยอะ เพราะต้องดีลกะหลายแผนก,งานเสร็จและเคลียปัญหาที่ค้างได้,Noon
12:00:00 AM,ทำงาน Work from home,ใช้สมองเยอะเพราะต้องคิดงาน,งานเสร็จตามเป้าหมาย,Noon
12:00:00 AM,ประชุม,เครียด,ได้สรุปงาน,Noon
12:00:00 AM,จิบกาแฟยามบ่าย,กินกาแฟตอนนี้ น่าจะไม่ได้นอน,ตาค้าง มีเอเนอยี่สูง พร้อมทำงานต่อ,Noon
12:00:00 AM,ฟังหัวหน้าบรีฟงาน,,,Noon
3:36:00 AM,ทำงาน,,,Afternoon
7:12:00 AM,ประชุม,ได้ข้อสรุปจากการประชุมเรื่องเดิมใน ครั้งที่ 3,ได้ข้อสรุป,Morning
10:48:00 AM,ส่งงานเจ้านายครบตามกำหนด,,ทำงานดี ไม่ต้องตามแก้อีก,Morning
12:00:00 AM,หาข้อมูลต้นไม้ เตรียมเปิดเพจ เฌอ'ตอม,,ลูกค้าชอบ แย่งกันซื้อ,Noon
12:00:00 AM,ทำงานต่อ,,,Noon
7:12:00 AM,ทำงาน,,,Morning
7:12:00 AM,พัก break กินขนม,อ้วน เพราะกินหลายอย่าง,ได้พักสมองจากงาน,Morning
7:12:00 AM,เลิกงาน,ยังไม่ได้เลิกงาน,ได้ทำงานต่อ,Morning
12:00:00 AM,ทำงานต่อ,,,Noon
12:00:00 AM,กินข้าวเย็น,,,Noon
3:36:00 AM,คุยกับเพื่อนร่วมงาน เย็นนี้ไปร้านไหนดี,เพื่อนงานยังไม่เสร็จ ดองไว้เยอะ,ได้ร้านที่จะไป,Afternoon
4:48:00 AM,เดินดูต้นไม้+ถ่ายรูป,,ลง Social เกร๋ๆ,Afternoon
7:12:00 AM,เดินออกไปซื้อชานมไข่มุกที่ Big C,เหนื่อยเดินทางไปซื้อเองเพราะไม่อยากเสียค่าส่ง,ได้กินชานมไข่มุก ทำให้อารมณ์ดี,Morning
12:00:00 AM,ทานอาหารเย็นกับเพื่อน,ทุกคนหิว อาหารหมดไวมาก,"นินทาหัวหน้า, ได้ข้อสรุปจากเรื่องที่ประชุมเมื่อวันก่อน !!",Noon
12:00:00 AM,เลิกงาน,ร่างกายอ่อนเพลียจากการทำงาน,รู้สึกดีที่ได้กลับไปพักผ่อนที่บ้าน,Noon
12:00:00 AM,กิน MK,กลิ่นติดตัว เหนียวตัว,ได้กินอาหารอร่อยหลังจากเหนื่อยจากการทำงาน,Noon
12:00:00 AM,นั่งพูดคุยกับญาติผู้ใหญ่+เล่นกับหมา,,,Noon
12:00:00 AM,ขึ้น mrt ไป korea town,คนน้อย เลยไม่ต้องรอนาน,,Noon
7:12:00 AM,จิบไวน์,เมา,รอสร่างเมา เจอตำรวจไม่โดนเป่า,Morning
7:12:00 AM,กินข้าวเย็น,เบื่อรสชาดอาหารเดิมๆ,ควายความหิวได้,Morning
7:12:00 AM,เลิกงานไปเดินเล่นที่ fashion island,เสี่ยงติดโควิด,ได้พักผ่อนจากที่ทำงานหนักมาทั้งวัน,Morning
7:12:00 AM,กินหมูย่างเกาหลีกับเพื่อน,ตัวเหม็น,เจอเพื่อน ,Morning
12:00:00 AM,เดินไปซื้อของใช้ใน Big C,เดินซื้อของ เสี่ยงติดโควิด,ได้ของใช้ที่จำเป็น,Noon
12:00:00 AM,เลิกงานจริง,เหนื่อยมากๆ,ได้กลับบ้าน,Noon
12:00:00 AM,ออกกำลังกายแบบ Weight Trainning,เหนื่อย,หุ่นปัง,Noon
3:36:00 AM,เดินทางกลับถึงบ้าน,เหนื่อยในการเดินทาง,ได้พักผ่อนที่บ้าน,Insomnia
3:36:00 AM,เดินทางกลับบ้าน,อาหารเดิมๆ ซ้ำๆ,อ,Insomnia
7:12:00 AM,แปรงฟันและอาบน้ำ,คิดถึงเรื่องงาน,ได้สรุปงานที่ทำวันนี้,Morning
7:12:00 AM,กินชาบู Momo กะเพื่อน,ตัวเหม็น หัวเหม็น เหนียวตัว,ได้เจอเพื่อน ไม่เหงา,Morning
7:12:00 AM,เดินกลับคอนโด,เหนื่อยเดินทาง และต้องเจอฝุ่น PM2.5,ประหยัดค่ารถกลับ,Morning
12:00:00 AM,ถึงบ้าน,แม่สงสัย ทำไมกลับไว,มีเวลาทำอย่างอื่นต่อ,Insomnia
12:00:00 AM,ดูสื่อบันเทิงออนไลน์,ต้องค้นหาสิ่งที่จะต้องดู,ได้พักผ่อนสมอง,Insomnia
12:00:00 AM,นอน,,พักผ่อน,Insomnia
12:00:00 AM,ทานข้าวเย็น,ร้อน,อิ่ม,Insomnia
12:00:00 AM,ไปร้านบิงซู แต่ร้านให้นั่งแค่โต๊ะละ 2 คน เลยไม่กิน,"อารมณ์เสีย เพราร้านไม่ให้นั่งด้วยกัน ,อดกิน อดเม้าท์ต่อ",ไม่ต้องกินเยอะ,Insomnia
3:36:00 AM,ท่องโลกอิเตอร์เน็ต ดูหนัง ฟังเพลง เช็ค social,,,Insomnia
7:12:00 AM,อาบน้ำ,ขี้เกียจ หนาววว,ตัวหอม สร่างเมา ตาสว่าง,Morning
7:12:00 AM,อาบน้ำ,หนาว,สะอาด,Morning
7:12:00 AM,เข้านอน,ไม่ทำการบ้าน,สบาย,Morning
7:12:00 AM,ขึ้น mrt กลับคอนโด,,,Morning
10:48:00 AM,อ่านหนังสือ ทำงานนอก,ขี้เกียจ เหนื่อย,ได้งาน ได้ความรู้,Morning
12:00:00 AM,ขึ้นสองแถวกลับคอนโด,ร้อน คนเยอะ บางทีต้องยืน,ราคาไม่แพง และระยะเดินทางไม่ได้ไกลมาก,Insomnia
12:00:00 AM,ตื่นมาทำการบ้าน,ไม่อยากทำเพราะขี้เกียจ,ทำการบ้านแล้วทำให้เข้าใจในเนื้อหามากขึ้น,Insomnia
12:00:00 AM,ดูnetflix,เริ่มง่วง,สนุกผ่อนคลาย,Insomnia
3:36:00 AM,ถึงคอนโดอาบน้ำ,เสียเวลาอาบน้ำนาน เพราะต้องสระผม,,Insomnia
4:48:00 AM,ถึงคอนโด,,,Insomnia
4:48:00 AM,นั่งเม้าท์กับน้อง,,,Insomnia
12:00:00 AM,ทำการบ้านที่เรียน ป.โท,ขี้เกียจมาก บางวิชาใช้เวลาทำนาน,เข้าใจเรื่องที่เรียนมากขึ้น,Insomnia
12:00:00 AM,อาบน้ำนอน,,,Insomnia
12:00:00 AM,อาบน้ำ,เสียเวลาอาบน้ำนาน เพราะตัวเหม็น,,Insomnia
4:48:00 AM,ทำการบ้าน,,งานเสร็จแล้วเราจะสบาย,Insomnia
12:00:00 AM,นอน,เหนื่อยในการทำงาน,ได้พัฒนาความสามารถ,Noon
12:00:00 AM,ทำการบ้าน image analytics ,ง่วงนอน แต่ต้องทำการบ้าน,เข้าใจเรื่องที่เรียนมากขึ้น,Noon
7:12:00 AM,ดูซีรีย์จีน,ขัดใจชะนีในเรื่อง มีแต่พระเอกแทนได้ไหม,พระเอกกล้ามหล่อมาก ได้ฝึกฟังภาษาจีนให้คุ้นหู ,Morning
7:12:00 AM,ออกไปซื้อขนมที่เสเว่น,เดินทางตอนกลางคืน อันตราย,ได้ขนมกลับมากินที่ห้อง,Morning
12:00:00 AM,ดู Netflix,ทำให้นอนดึกขึ้น,ดูหนังเพลินๆ,Insomnia
12:00:00 AM,เล่นเกมส์กับเพื่อน,มือถือแบตหมดเร็ว,พักผ่อน ได้พูดคุยกับเพื่อน,Insomnia
12:00:00 AM,เล่นเกมส์กับเพื่อน,มือถือแบตหมดเร็ว,พักผ่อน ได้พูดคุยกับเพื่อน,Insomnia
,,,,
